,Position,Name + ID,Name,ID,Roster Position,Salary,Game Info,TeamAbbrev,AvgPointsPerGame,Unnamed: 0,Passing Yards,Rushing Yards,Receiving Yards,Receptions,Touchdowns,Passing TDS,Interceptions,Pass Yds DFS,Rush Yds DFS,Rec Yds DFS,Rec DFS,TDs DFS,Pass TDs DFS,Int DFS,DFS Total,Proj DFS Total
0,WR,CeeDee Lamb (35785800),CeeDee Lamb,35785800,WR/FLEX,8800,NO@DAL 09/15/2024 01:00PM ET,DAL,25.15,79.0,,,95.13636363636364,8.272727272727273,125.0,,,,,9.513636363636364,8.272727272727273,4.800000000000001,,,22.58636363636364,22.58636363636364
1,RB,Christian McCaffrey (35785516),Christian McCaffrey,35785516,RB/FLEX,8700,SF@MIN 09/15/2024 01:00PM ET,SF,26.54,49.0,,71.5,33.5,4.295454545454546,-165.0,,,,7.15,3.35,4.295454545454546,9.0,,,23.795454545454547,23.795454545454547
2,WR,Justin Jefferson (35785802),Justin Jefferson,35785802,WR/FLEX,8300,SF@MIN 09/15/2024 01:00PM ET,MIN,21.82,155.0,,,81.5,6.19047619047619,135.0,,,,,8.15,6.19047619047619,4.444444444444445,,,18.784920634920635,18.784920634920635
3,WR,Amon-Ra St. Brown (35785804),Amon-Ra St. Brown,35785804,WR/FLEX,8100,TB@DET 09/15/2024 01:00PM ET,DET,21.97,86.0,,,88.9090909090909,6.521739130434782,110.0,,,,,8.89090909090909,6.521739130434782,5.454545454545454,,,20.867193675889325,20.867193675889325
6,RB,Jonathan Taylor (35785518),Jonathan Taylor,35785518,RB/FLEX,7700,IND@GB 09/15/2024 01:00PM ET,IND,15.94,48.0,,73.5,13.295454545454549,1.8796992481203008,110.0,,,,7.35,1.3295454545454548,1.8796992481203008,5.454545454545454,,,16.013790157211208,16.013790157211208
7,WR,Cooper Kupp (35785808),Cooper Kupp,35785808,WR/FLEX,7600,LAR@ARI 09/15/2024 04:05PM ET,LAR,14.16,93.0,,,77.4090909090909,7.0,140.0,,,,,7.740909090909091,7.0,4.285714285714286,,,19.026623376623377,19.026623376623377
8,WR,Mike Evans (35785810),Mike Evans,35785810,WR/FLEX,7500,TB@DET 09/15/2024 01:00PM ET,TB,17.42,69.0,,,67.5,5.5227272727272725,140.0,,,,,6.75,5.5227272727272725,4.285714285714286,,,16.558441558441558,16.558441558441558
9,RB,Breece Hall (35785520),Breece Hall,35785520,RB/FLEX,7400,NYJ@TEN 09/15/2024 01:00PM ET,NYJ,17.62,50.0,,62.5,30.06818181818182,5.25,125.0,,,,6.25,3.0068181818181823,5.25,4.800000000000001,,,19.306818181818183,19.306818181818183
10,WR,Davante Adams (35785812),Davante Adams,35785812,WR/FLEX,7300,LV@BAL 09/15/2024 01:00PM ET,LV,16.14,89.0,,,73.63636363636363,7.0,190.0,,,,,7.363636363636363,7.0,3.1578947368421053,,,17.52153110047847,17.52153110047847
11,RB,Travis Etienne Jr. (35785522),Travis Etienne Jr.,35785522,RB/FLEX,7200,CLE@JAX 09/15/2024 01:00PM ET,JAX,16.96,52.0,,58.5,19.5,3.75,125.0,,,,5.8500000000000005,1.95,3.75,4.800000000000001,,,16.35,16.35
12,WR,Garrett Wilson (35785814),Garrett Wilson,35785814,WR/FLEX,7100,NYJ@TEN 09/15/2024 01:00PM ET,NYJ,13.01,165.0,,,66.5,6.5,160.0,,,,,6.65,6.5,3.75,,,16.9,16.9
14,RB,Alvin Kamara (35785524),Alvin Kamara,35785524,RB/FLEX,7000,NO@DAL 09/15/2024 01:00PM ET,NO,17.92,67.0,,51.5,28.5,3.75,120.0,,,,5.15,2.85,3.75,5.0,,,16.75,16.75
15,WR,Puka Nacua (35785816),Puka Nacua,35785816,WR/FLEX,7000,LAR@ARI 09/15/2024 04:05PM ET,LAR,19.74,87.0,,,76.05000000000001,7.499999999999999,140.0,,,,,7.605000000000001,7.499999999999999,4.285714285714286,,,19.390714285714285,19.390714285714285
18,QB,Anthony Richardson (35785435),Anthony Richardson,35785435,QB,6800,IND@GB 09/15/2024 01:00PM ET,IND,18.67,25.0,265.70454545454544,46.36363636363636,,,140.0,0.967741935483871,0.5681818181818182,10.628181818181815,4.636363636363636,,,4.285714285714286,3.870967741935484,-0.5681818181818182,22.853045664013404,22.853045664013404
20,RB,Kyren Williams (35785528),Kyren Williams,35785528,RB/FLEX,6800,LAR@ARI 09/15/2024 04:05PM ET,LAR,21.77,35.0,,62.20454545454545,14.113636363636363,1.984126984126984,-110.0,,,,6.220454545454546,1.4113636363636364,1.984126984126984,6.0,,,15.615945165945163,15.615945165945163
23,QB,Dak Prescott (35785436),Dak Prescott,35785436,QB,6700,NO@DAL 09/15/2024 01:00PM ET,DAL,22.47,6.0,273.3954545454545,12.5,,,850.0,1.25,0.6590909090909091,10.93581818181818,1.25,,,0.7058823529411764,5.0,-0.6590909090909091,17.23260962566845,17.23260962566845
24,RB,Jahmyr Gibbs (35785532),Jahmyr Gibbs,35785532,RB/FLEX,6600,TB@DET 09/15/2024 01:00PM ET,DET,16.72,41.0,,52.02272727272727,21.477272727272727,3.6363636363636367,105.0,,,,5.202272727272728,2.147727272727273,3.6363636363636367,5.7142857142857135,,,16.70064935064935,16.70064935064935
25,WR,Michael Pittman Jr. (35785824),Michael Pittman Jr.,35785824,WR/FLEX,6600,IND@GB 09/15/2024 01:00PM ET,IND,16.26,137.0,,,78.27272727272727,7.0,195.0,,,,,7.827272727272727,7.0,3.0769230769230766,,,17.904195804195805,17.904195804195805
27,QB,Jordan Love (35785438),Jordan Love,35785438,QB,6500,IND@GB 09/15/2024 01:00PM ET,GB,19.89,17.0,278.7272727272727,,,,,,,11.149090909090908,,,,,,,11.149090909090908,11.149090909090908
29,WR,Brandon Aiyuk (35785826),Brandon Aiyuk,35785826,WR/FLEX,6500,SF@MIN 09/15/2024 01:00PM ET,SF,15.85,140.0,,,49.5,3.818181818181818,200.0,,,,,4.95,3.818181818181818,3.0,,,11.768181818181818,11.768181818181818
30,WR,Chris Olave (35785828),Chris Olave,35785828,WR/FLEX,6400,NO@DAL 09/15/2024 01:00PM ET,NO,15.39,175.0,,,67.43181818181817,5.238095238095238,175.0,,,,,6.743181818181817,5.238095238095238,3.4285714285714284,,,15.409848484848483,15.409848484848483
31,QB,Jared Goff (35785439),Jared Goff,35785439,QB,6400,TB@DET 09/15/2024 01:00PM ET,DET,18.54,7.0,265.5,0.4909090909090909,,,900.0,2.113636363636364,0.4545454545454545,10.62,0.049090909090909,,,0.6666666666666666,8.454545454545455,-0.4545454545454545,19.335757575757576,19.335757575757576
35,RB,Rachaad White (35785540),Rachaad White,35785540,RB/FLEX,6300,TB@DET 09/15/2024 01:00PM ET,TB,15.97,27.0,,60.11363636363636,22.17727272727273,2.8000000000000003,105.0,,,,6.011363636363637,2.2177272727272728,2.8000000000000003,5.7142857142857135,,,16.743376623376626,16.743376623376626
36,TE,Sam LaPorta (35786270),Sam LaPorta,35786270,TE/FLEX,6300,TB@DET 09/15/2024 01:00PM ET,DET,14.34,99.0,,,57.27272727272727,4.4,155.0,,,,,5.727272727272727,4.4,3.870967741935484,,,13.998240469208213,13.998240469208213
37,RB,Kenneth Walker III (35785538),Kenneth Walker III,35785538,RB/FLEX,6300,SEA@NE 09/15/2024 01:00PM ET,SEA,13.49,33.0,,77.93181818181819,10.977272727272728,2.1818181818181817,105.0,,,,7.793181818181819,1.0977272727272729,2.1818181818181817,5.7142857142857135,,,16.787012987012986,16.787012987012986
39,WR,Amari Cooper (35785832),Amari Cooper,35785832,WR/FLEX,6200,CLE@JAX 09/15/2024 01:00PM ET,CLE,15.81,80.0,,,61.63636363636363,3.879310344827586,195.0,,,,,6.163636363636364,3.879310344827586,3.0769230769230766,,,13.119869785387026,13.119869785387026
41,QB,Jayden Daniels (35785441),Jayden Daniels,35785441,QB,6200,NYG@WAS 09/15/2024 01:00PM ET,WAS,0.0,9.0,216.9318181818182,44.79545454545455,,,245.0,0.3703703703703703,0.5909090909090909,8.677272727272728,4.479545454545455,,,2.4489795918367347,1.4814814814814814,-0.5909090909090909,16.496370164227308,16.496370164227308
43,QB,Brock Purdy (35785442),Brock Purdy,35785442,QB,6100,SF@MIN 09/15/2024 01:00PM ET,SF,19.63,26.0,235.5,7.09090909090909,,,850.0,1.5,0.4761904761904761,9.42,0.709090909090909,,,0.7058823529411764,6.0,-0.4761904761904761,16.358782785841612,16.358782785841612
44,RB,Aaron Jones (35785544),Aaron Jones,35785544,RB/FLEX,6100,SF@MIN 09/15/2024 01:00PM ET,MIN,15.35,64.0,,51.06818181818182,14.113636363636363,2.0,145.0,,,,5.106818181818182,1.4113636363636364,2.0,4.137931034482759,,,12.656112852664576,12.656112852664576
45,RB,David Montgomery (35785546),David Montgomery,35785546,RB/FLEX,6000,TB@DET 09/15/2024 01:00PM ET,DET,15.18,37.0,,54.5,6.5,1.153846153846154,-105.0,,,,5.45,0.65,1.153846153846154,5.727272727272728,,,12.98111888111888,12.98111888111888
46,WR,Chris Godwin (35785836),Chris Godwin,35785836,WR/FLEX,6000,TB@DET 09/15/2024 01:00PM ET,TB,12.51,74.0,,,60.04090909090909,6.3,220.0,,,,,6.004090909090909,6.3,2.727272727272727,,,15.031363636363636,15.031363636363636
48,QB,Matthew Stafford (35785443),Matthew Stafford,35785443,QB,6000,LAR@ARI 09/15/2024 04:05PM ET,LAR,18.42,8.0,294.0,0.5,,,1200.0,0.75,0.6363636363636364,11.76,0.05,,,0.5,3.0,-0.6363636363636364,14.673636363636364,14.673636363636364
51,QB,Baker Mayfield (35785444),Baker Mayfield,35785444,QB,5900,TB@DET 09/15/2024 01:00PM ET,TB,18.66,10.0,242.5,7.5,,,550.0,1.7045454545454546,0.5909090909090909,9.7,0.75,,,1.0909090909090908,6.818181818181818,-0.5909090909090909,17.76818181818182,17.76818181818182
52,RB,Jerome Ford (35785550),Jerome Ford,35785550,RB/FLEX,5900,CLE@JAX 09/15/2024 01:00PM ET,CLE,12.52,28.0,,63.40909090909091,14.895454545454546,2.380952380952381,150.0,,,,6.340909090909091,1.4895454545454547,2.380952380952381,4.0,,,14.211406926406926,14.211406926406926
54,WR,DK Metcalf (35785844),DK Metcalf,35785844,WR/FLEX,5900,SEA@NE 09/15/2024 01:00PM ET,SEA,14.65,75.0,,,61.15909090909091,4.909090909090908,165.0,,,,,6.115909090909091,4.909090909090908,3.6363636363636367,,,14.661363636363635,14.661363636363635
55,QB,Aaron Rodgers (35785445),Aaron Rodgers,35785445,QB,5900,NYJ@TEN 09/15/2024 01:00PM ET,NYJ,0.0,18.0,231.5,1.5,,,1600.0,1.2000000000000002,-108.81818181818184,9.26,0.15,,,0.375,4.800000000000001,-0.9892561983471077,13.595743801652894,13.595743801652894
56,RB,Tony Pollard (35785548),Tony Pollard,35785548,RB/FLEX,5900,NYJ@TEN 09/15/2024 01:00PM ET,TEN,13.78,54.0,,43.69090909090909,11.227272727272728,2.3181818181818183,180.0,,,,4.369090909090909,1.1227272727272728,2.3181818181818183,3.333333333333333,,,11.143333333333334,11.143333333333334
57,WR,Malik Nabers (35785840),Malik Nabers,35785840,WR/FLEX,5900,NYG@WAS 09/15/2024 01:00PM ET,NYG,0.0,161.0,,,62.72727272727272,6.954545454545454,185.0,,,,,6.2727272727272725,6.954545454545454,3.2432432432432434,,,16.47051597051597,16.47051597051597
58,QB,Justin Herbert (35785446),Justin Herbert,35785446,QB,5800,LAC@CAR 09/15/2024 01:00PM ET,LAC,19.32,5.0,239.45454545454544,12.5,,,700.0,1.2000000000000002,0.4545454545454545,9.578181818181818,1.25,,,0.8571428571428571,4.800000000000001,-0.4545454545454545,16.030779220779223,16.030779220779223
60,RB,Zach Charbonnet (35785554),Zach Charbonnet,35785554,RB/FLEX,5800,SEA@NE 09/15/2024 01:00PM ET,SEA,6.63,31.0,,26.727272727272727,9.931818181818182,1.7045454545454546,250.0,,,,2.672727272727273,0.9931818181818182,1.7045454545454546,2.4000000000000004,,,7.770454545454546,7.770454545454546
61,WR,Calvin Ridley (35785848),Calvin Ridley,35785848,WR/FLEX,5800,NYJ@TEN 09/15/2024 01:00PM ET,TEN,14.23,123.0,,,58.95909090909091,4.090909090909091,260.0,,,,,5.895909090909091,4.090909090909091,2.307692307692308,,,12.294510489510492,12.294510489510492
62,RB,Brian Robinson Jr. (35785556),Brian Robinson Jr.,35785556,RB/FLEX,5800,NYG@WAS 09/15/2024 01:00PM ET,WAS,13.53,29.0,,44.43181818181818,8.181818181818182,1.6363636363636362,285.0,,,,4.443181818181818,0.8181818181818182,1.6363636363636362,2.1052631578947367,,,9.00299043062201,9.00299043062201
64,RB,Ezekiel Elliott (35785558),Ezekiel Elliott,35785558,RB/FLEX,5700,NO@DAL 09/15/2024 01:00PM ET,DAL,10.32,42.0,,34.659090909090914,8.181818181818182,1.7045454545454546,225.0,,,,3.465909090909092,0.8181818181818182,1.7045454545454546,2.6666666666666665,,,8.655303030303031,8.655303030303031
66,QB,Trevor Lawrence (35785447),Trevor Lawrence,35785447,QB,5700,CLE@JAX 09/15/2024 01:00PM ET,JAX,18.1,22.0,301.29545454545456,17.613636363636367,,,480.0,0.8823529411764706,0.6136363636363636,15.051818181818184,1.761363636363637,,,1.25,3.5294117647058822,-0.6136363636363636,20.97895721925134,20.97895721925134
67,RB,Devin Singletary (35785560),Devin Singletary,35785560,RB/FLEX,5700,NYG@WAS 09/15/2024 01:00PM ET,NYG,10.76,47.0,,50.5,9.5,2.25,170.0,,,,5.050000000000001,0.95,2.25,3.5294117647058822,,,11.779411764705882,11.779411764705882
68,RB,Austin Ekeler (35785562),Austin Ekeler,35785562,RB/FLEX,5700,NYG@WAS 09/15/2024 01:00PM ET,WAS,13.74,44.0,,26.659090909090907,22.704545454545453,3.2954545454545454,250.0,,,,2.665909090909091,2.270454545454545,3.2954545454545454,2.4000000000000004,,,10.631818181818184,10.631818181818184
69,WR,Terry McLaurin (35785850),Terry McLaurin,35785850,WR/FLEX,5700,NYG@WAS 09/15/2024 01:00PM ET,WAS,12.48,73.0,,,64.9090909090909,5.931818181818182,240.0,,,,,6.490909090909091,5.931818181818182,2.5,,,14.922727272727272,14.922727272727272
72,RB,Zamir White (35785564),Zamir White,35785564,RB/FLEX,5600,LV@BAL 09/15/2024 01:00PM ET,LV,4.76,36.0,,74.9090909090909,9.272727272727272,1.8409090909090908,200.0,,,,7.490909090909091,0.9272727272727272,1.8409090909090908,3.0,,,13.259090909090908,13.259090909090908
73,WR,Brandin Cooks (35785858),Brandin Cooks,35785858,WR/FLEX,5600,NO@DAL 09/15/2024 01:00PM ET,DAL,11.03,105.0,,,46.02272727272727,3.333333333333333,350.0,,,,,4.602272727272728,3.333333333333333,1.7142857142857142,,,9.649891774891774,9.649891774891774
74,QB,Deshaun Watson (35785448),Deshaun Watson,35785448,QB,5600,CLE@JAX 09/15/2024 01:00PM ET,CLE,15.47,11.0,268.15909090909093,21.5,,,475.0,1.2000000000000002,0.6136363636363636,10.726363636363638,2.15,,,1.263157894736842,4.800000000000001,-0.6136363636363636,18.32588516746412,18.32588516746412
75,WR,Mike Williams (35785856),Mike Williams,35785856,WR/FLEX,5600,NYJ@TEN 09/15/2024 01:00PM ET,NYJ,17.73,143.0,,,26.5,2.2727272727272725,310.0,,,,,2.6500000000000004,2.2727272727272725,1.935483870967742,,,6.858211143695015,6.858211143695015
76,WR,Christian Kirk (35785860),Christian Kirk,35785860,WR/FLEX,5500,CLE@JAX 09/15/2024 01:00PM ET,JAX,13.19,167.0,,,58.36363636363636,5.318181818181818,185.0,,,,,5.836363636363636,5.318181818181818,3.2432432432432434,,,14.397788697788698,14.397788697788698
77,TE,George Kittle (35786278),George Kittle,35786278,TE/FLEX,5500,SF@MIN 09/15/2024 01:00PM ET,SF,12.5,141.0,,,45.27272727272727,4.454545454545454,200.0,,,,,4.5272727272727264,4.454545454545454,3.0,,,11.98181818181818,11.98181818181818
78,QB,Geno Smith (35785449),Geno Smith,35785449,QB,5500,SEA@NE 09/15/2024 01:00PM ET,SEA,16.74,0.0,249.3409090909091,9.5,,,550.0,1.431818181818182,0.5,9.973636363636365,0.95,,,1.0909090909090908,5.727272727272728,-0.5,17.241818181818182,17.241818181818182
80,RB,Javonte Williams (35785570),Javonte Williams,35785570,RB/FLEX,5500,PIT@DEN 09/15/2024 04:25PM ET,DEN,11.26,32.0,,52.79545454545455,16.909090909090907,3.4090909090909087,210.0,,,,5.279545454545455,1.6909090909090907,3.4090909090909087,2.8571428571428568,,,13.236688311688312,13.236688311688312
81,RB,J.K. Dobbins (35785572),J.K. Dobbins,35785572,RB/FLEX,5400,LAC@CAR 09/15/2024 01:00PM ET,LAC,11.7,38.0,,36.54545454545454,9.272727272727272,1.7045454545454546,225.0,,,,3.6545454545454543,0.9272727272727272,1.7045454545454546,2.6666666666666665,,,8.953030303030303,8.953030303030303
82,TE,Evan Engram (35786280),Evan Engram,35786280,TE/FLEX,5400,CLE@JAX 09/15/2024 01:00PM ET,JAX,13.66,168.0,,,48.54545454545454,4.782608695652174,175.0,,,,,4.854545454545455,4.782608695652174,3.4285714285714284,,,13.065725578769056,13.065725578769056
83,WR,DeAndre Hopkins (35785862),DeAndre Hopkins,35785862,WR/FLEX,5400,NYJ@TEN 09/15/2024 01:00PM ET,TEN,13.68,129.0,,,44.67272727272727,4.136363636363637,260.0,,,,,4.467272727272728,4.136363636363637,2.307692307692308,,,10.911328671328674,10.911328671328674
84,QB,Justin Fields (35785450),Justin Fields,35785450,QB,5400,PIT@DEN 09/15/2024 04:25PM ET,PIT,19.17,19.0,196.02272727272725,,,,,1.1363636363636365,0.6136363636363636,7.84090909090909,,,,,4.545454545454546,-0.6136363636363636,11.772727272727272,11.772727272727272
85,QB,Russell Wilson (35785451),Russell Wilson,35785451,QB,5400,PIT@DEN 09/15/2024 04:25PM ET,PIT,18.39,15.0,233.4090909090909,,,,,0.8108108108108109,0.5,9.336363636363638,,,,,3.2432432432432434,-0.5,12.079606879606882,12.079606879606882
87,WR,Courtland Sutton (35785864),Courtland Sutton,35785864,WR/FLEX,5400,PIT@DEN 09/15/2024 04:25PM ET,DEN,12.08,76.0,,,47.5,4.613636363636363,240.0,,,,,4.75,4.613636363636363,2.5,,,11.863636363636363,11.863636363636363
88,RB,Alexander Mattison (35785580),Alexander Mattison,35785580,RB/FLEX,5300,LV@BAL 09/15/2024 01:00PM ET,LV,8.45,34.0,,17.25,,,650.0,,,,1.725,,,0.9230769230769232,,,2.648076923076923,2.648076923076923
89,RB,Chuba Hubbard (35785576),Chuba Hubbard,35785576,RB/FLEX,5300,LAC@CAR 09/15/2024 01:00PM ET,CAR,10.91,66.0,,56.97727272727273,12.545454545454543,2.4545454545454546,145.0,,,,5.697727272727273,1.2545454545454546,2.4545454545454546,4.137931034482759,,,13.544749216300945,13.544749216300945
90,QB,Derek Carr (35785452),Derek Carr,35785452,QB,5300,NO@DAL 09/15/2024 01:00PM ET,NO,15.89,13.0,225.5,1.6363636363636362,,,1100.0,1.3636363636363635,0.5227272727272727,9.02,0.1636363636363636,,,0.5454545454545454,5.454545454545454,-0.5227272727272727,14.66090909090909,14.66090909090909
91,WR,Jameson Williams (35785868),Jameson Williams,35785868,WR/FLEX,5300,TB@DET 09/15/2024 01:00PM ET,DET,7.36,102.0,,,42.61363636363637,4.090909090909091,260.0,,,,,4.261363636363637,4.090909090909091,2.307692307692308,,,10.659965034965037,10.659965034965037
92,TE,David Njoku (35786282),David Njoku,35786282,TE/FLEX,5300,CLE@JAX 09/15/2024 01:00PM ET,CLE,13.26,81.0,,,44.43181818181818,4.326923076923077,240.0,,,,,4.443181818181818,4.326923076923077,2.5,,,11.270104895104897,11.270104895104897
93,RB,Ty Chandler (35785578),Ty Chandler,35785578,RB/FLEX,5300,SF@MIN 09/15/2024 01:00PM ET,MIN,6.12,43.0,,27.5,6.5,1.1111111111111112,390.0,,,,2.75,0.65,1.1111111111111112,1.5384615384615383,,,6.049572649572649,6.049572649572649
94,WR,Tyler Lockett (35785866),Tyler Lockett,35785866,WR/FLEX,5300,SEA@NE 09/15/2024 01:00PM ET,SEA,11.91,71.0,,,45.5,4.454545454545454,255.0,,,,,4.55,4.454545454545454,2.3529411764705883,,,11.357486631016044,11.357486631016044
95,QB,Daniel Jones (35785453),Daniel Jones,35785453,QB,5300,NYG@WAS 09/15/2024 01:00PM ET,NYG,11.16,3.0,214.43181818181816,28.909090909090907,,,310.0,0.2941176470588235,0.5454545454545454,8.577272727272726,2.8909090909090907,,,1.935483870967742,1.1764705882352942,-0.5454545454545454,14.034681731930307,14.034681731930307
97,RB,Gus Edwards (35785582),Gus Edwards,35785582,RB/FLEX,5200,LAC@CAR 09/15/2024 01:00PM ET,LAC,10.45,39.0,,54.61363636363637,4.704545454545454,1.0714285714285714,250.0,,,,5.461363636363637,0.4704545454545454,1.0714285714285714,2.4000000000000004,,,9.403246753246757,9.403246753246757
98,RB,Miles Sanders (35785588),Miles Sanders,35785588,RB/FLEX,5200,LAC@CAR 09/15/2024 01:00PM ET,CAR,5.6,65.0,,21.27272727272727,2.6136363636363638,,400.0,,,,2.127272727272727,0.2613636363636363,,1.5,,,3.8886363636363632,3.8886363636363632
99,WR,Adam Thielen (35785872),Adam Thielen,35785872,WR/FLEX,5200,LAC@CAR 09/15/2024 01:00PM ET,CAR,14.12,172.0,,,38.5,4.613636363636363,360.0,,,,,3.85,4.613636363636363,1.6666666666666667,,,10.130303030303027,10.130303030303027
100,QB,Sam Darnold (35785454),Sam Darnold,35785454,QB,5200,SF@MIN 09/15/2024 01:00PM ET,MIN,2.54,1.0,241.97727272727275,9.931818181818182,,,550.0,1.0714285714285714,0.5590909090909091,9.67909090909091,0.9931818181818182,,,1.0909090909090908,4.285714285714286,-0.5590909090909091,15.489805194805191,15.489805194805191
101,RB,Jordan Mason (35785586),Jordan Mason,35785586,RB/FLEX,5200,SF@MIN 09/15/2024 01:00PM ET,SF,2.24,62.0,,11.5,,,700.0,,,,1.15,,,0.8571428571428571,,,2.007142857142857,2.007142857142857
102,WR,Jordan Addison (35785870),Jordan Addison,35785870,WR/FLEX,5200,SF@MIN 09/15/2024 01:00PM ET,MIN,13.37,162.0,,,49.63636363636363,3.818181818181818,285.0,,,,,4.963636363636364,3.818181818181818,2.1052631578947367,,,10.887081339712918,10.887081339712918
103,QB,Will Levis (35785455),Will Levis,35785455,QB,5200,NYJ@TEN 09/15/2024 01:00PM ET,TEN,12.56,23.0,260.79545454545456,8.422727272727274,,,600.0,1.0344827586206895,0.6363636363636364,10.431818181818183,0.8422727272727274,,,1.0,4.137931034482759,-0.6363636363636364,15.775658307210032,15.775658307210032
105,QB,Gardner Minshew II (35785458),Gardner Minshew II,35785458,QB,5100,LV@BAL 09/15/2024 01:00PM ET,LV,12.89,2.0,214.5,6.5,,,1000.0,1.0344827586206895,0.5,8.58,0.65,,,0.6000000000000001,4.137931034482759,-0.5,13.46793103448276,13.46793103448276
107,WR,Jakobi Meyers (35785878),Jakobi Meyers,35785878,WR/FLEX,5100,LV@BAL 09/15/2024 01:00PM ET,LV,13.66,88.0,,,41.29545454545455,3.5,300.0,,,,,4.129545454545455,3.5,2.0,,,9.629545454545454,9.629545454545454
108,QB,Bryce Young (35785457),Bryce Young,35785457,QB,5100,LAC@CAR 09/15/2024 01:00PM ET,CAR,10.96,12.0,226.70454545454547,12.522727272727272,,,600.0,1.0227272727272727,0.4772727272727273,9.068181818181818,1.2522727272727272,,,1.0,4.090909090909091,-0.4772727272727273,14.934090909090909,14.934090909090909
109,WR,Diontae Johnson (35785876),Diontae Johnson,35785876,WR/FLEX,5100,LAC@CAR 09/15/2024 01:00PM ET,CAR,11.96,174.0,,,67.88636363636364,4.5,333.0,,,,,6.788636363636364,4.5,1.8018018018018016,,,13.090438165438163,13.090438165438163
110,RB,Tank Bigsby (35785590),Tank Bigsby,35785590,RB/FLEX,5100,CLE@JAX 09/15/2024 01:00PM ET,JAX,1.46,59.0,,16.204545454545453,,,550.0,,,,1.6204545454545454,,,1.0909090909090908,,,2.711363636363636,2.711363636363636
111,WR,Jerry Jeudy (35785874),Jerry Jeudy,35785874,WR/FLEX,5100,CLE@JAX 09/15/2024 01:00PM ET,CLE,8.86,103.0,,,41.477272727272734,3.1818181818181817,330.0,,,,,4.147727272727273,3.1818181818181817,1.8181818181818183,,,9.147727272727272,9.147727272727272
114,RB,Jonathon Brooks (35785594),Jonathon Brooks,35785594,RB/FLEX,5000,LAC@CAR 09/15/2024 01:00PM ET,CAR,0.0,440.0,,,,,450.0,,,,,,,1.3333333333333333,,,1.3333333333333333,1.3333333333333333
115,WR,Joshua Palmer (35785882),Joshua Palmer,35785882,WR/FLEX,5000,LAC@CAR 09/15/2024 01:00PM ET,LAC,11.37,85.0,,,54.25,4.704545454545454,240.0,,,,,5.425000000000001,4.704545454545454,2.5,,,12.629545454545454,12.629545454545454
123,RB,Tyjae Spears (35785596),Tyjae Spears,35785596,RB/FLEX,5000,NYJ@TEN 09/15/2024 01:00PM ET,TEN,9.05,57.0,,34.659090909090914,14.795454545454549,2.2727272727272725,350.0,,,,3.465909090909092,1.4795454545454547,2.2727272727272725,1.7142857142857142,,,8.932467532467532,8.932467532467532
124,RB,Braelon Allen (35785598),Braelon Allen,35785598,RB/FLEX,5000,NYJ@TEN 09/15/2024 01:00PM ET,NYJ,0.0,61.0,,13.5,,,850.0,,,,1.35,,,0.7058823529411764,,,2.0558823529411763,2.0558823529411763
125,QB,Bo Nix (35785465),Bo Nix,35785465,QB,5000,PIT@DEN 09/15/2024 04:25PM ET,DEN,0.0,4.0,216.54545454545453,19.5,,,550.0,0.2857142857142857,0.6136363636363636,8.661818181818182,1.95,,,1.0909090909090908,1.1428571428571428,-0.6136363636363636,12.231948051948052,12.231948051948052
126,WR,Ladd McConkey (35785886),Ladd McConkey,35785886,WR/FLEX,4900,LAC@CAR 09/15/2024 01:00PM ET,LAC,0.0,92.0,,,38.72727272727273,3.8636363636363633,300.0,,,,,3.872727272727273,3.8636363636363633,2.0,,,9.736363636363636,9.736363636363636
127,RB,Bucky Irving (35785600),Bucky Irving,35785600,RB/FLEX,4900,TB@DET 09/15/2024 01:00PM ET,TB,0.0,46.0,,20.38636363636364,6.795454545454545,,425.0,,,,2.038636363636364,0.6795454545454546,,1.4117647058823528,,,4.129946524064171,4.129946524064171
131,WR,Jaxon Smith-Njigba (35785884),Jaxon Smith-Njigba,35785884,WR/FLEX,4900,SEA@NE 09/15/2024 01:00PM ET,SEA,8.81,70.0,,,46.52272727272727,3.75,220.0,,,,,4.652272727272727,3.75,2.727272727272727,,,11.129545454545454,11.129545454545454
136,RB,Jamaal Williams (35785606),Jamaal Williams,35785606,RB/FLEX,4800,NO@DAL 09/15/2024 01:00PM ET,NO,4.68,68.0,,25.613636363636363,3.818181818181818,0.9090909090909092,280.0,,,,2.5613636363636365,0.3818181818181818,0.9090909090909092,2.142857142857143,,,5.995129870129871,5.995129870129871
137,RB,Rico Dowdle (35785608),Rico Dowdle,35785608,RB/FLEX,4800,NO@DAL 09/15/2024 01:00PM ET,DAL,5.76,30.0,,26.659090909090907,8.181818181818182,1.5,400.0,,,,2.665909090909091,0.8181818181818182,1.5,1.5,,,6.484090909090909,6.484090909090909
138,WR,Josh Downs (35785890),Josh Downs,35785890,WR/FLEX,4800,IND@GB 09/15/2024 01:00PM ET,IND,9.42,332.0,,,,,400.0,,,,,,,1.5,,,1.5,1.5
145,WR,Xavier Legette (35785894),Xavier Legette,35785894,WR/FLEX,4700,LAC@CAR 09/15/2024 01:00PM ET,CAR,0.0,151.0,,,15.159090909090908,1.431818181818182,600.0,,,,,1.5159090909090909,1.431818181818182,1.0,,,3.9477272727272728,3.9477272727272728
146,TE,Jake Ferguson (35786288),Jake Ferguson,35786288,TE/FLEX,4700,NO@DAL 09/15/2024 01:00PM ET,DAL,11.91,82.0,,,43.090909090909086,3.75,245.0,,,,,4.309090909090909,3.75,2.4489795918367347,,,10.508070500927644,10.508070500927644
149,RB,Blake Corum (35785612),Blake Corum,35785612,RB/FLEX,4700,LAR@ARI 09/15/2024 04:05PM ET,LAR,0.0,45.0,,24.545454545454543,5.5,0.9375,350.0,,,,2.4545454545454546,0.55,0.9375,1.7142857142857142,,,5.656331168831169,5.656331168831169
152,WR,Rashid Shaheed (35785896),Rashid Shaheed,35785896,WR/FLEX,4600,NO@DAL 09/15/2024 01:00PM ET,NO,10.64,173.0,,,40.09090909090909,3.522727272727273,275.0,,,,,4.00909090909091,3.522727272727273,2.1818181818181817,,,9.713636363636365,9.713636363636365
153,RB,D'Ernest Johnson (35785616),D'Ernest Johnson,35785616,RB/FLEX,4600,CLE@JAX 09/15/2024 01:00PM ET,JAX,2.05,362.0,,,,,2200.0,,,,,,,0.2727272727272727,,,0.2727272727272727,0.2727272727272727
154,RB,Isaac Guerendo (35785614),Isaac Guerendo,35785614,RB/FLEX,4600,SF@MIN 09/15/2024 01:00PM ET,SF,0.0,343.0,,,,,1400.0,,,,,,,0.4285714285714285,,,0.4285714285714285,0.4285714285714285
158,RB,Samaje Perine (35785620),Samaje Perine,35785620,RB/FLEX,4500,CIN@KC 09/15/2024 04:25PM ET,KC,7.25,177.0,,,,,1200.0,,,,,,,0.5,,,0.5,0.5
160,RB,Trey Sermon (35785618),Trey Sermon,35785618,RB/FLEX,4500,IND@GB 09/15/2024 01:00PM ET,IND,1.45,350.0,,,,,1400.0,,,,,,,0.4285714285714285,,,0.4285714285714285,0.4285714285714285
162,WR,Alec Pierce (35785904),Alec Pierce,35785904,WR/FLEX,4500,IND@GB 09/15/2024 01:00PM ET,IND,5.79,135.0,,,30.222727272727276,2.1929824561403506,390.0,,,,,3.0222727272727274,2.1929824561403506,1.5384615384615383,,,6.753716721874616,6.753716721874616
166,RB,Isaiah Davis (35785626),Isaiah Davis,35785626,RB/FLEX,4500,NYJ@TEN 09/15/2024 01:00PM ET,NYJ,0.0,384.0,,,,,1900.0,,,,,,,0.3157894736842105,,,0.3157894736842105,0.3157894736842105
168,RB,Jaleel McLaughlin (35785622),Jaleel McLaughlin,35785622,RB/FLEX,4500,PIT@DEN 09/15/2024 04:25PM ET,DEN,6.24,40.0,,24.545454545454543,15.159090909090908,2.0,450.0,,,,2.4545454545454546,1.5159090909090909,2.0,1.3333333333333333,,,7.303787878787879,7.303787878787879
169,TE,Brock Bowers (35786290),Brock Bowers,35786290,TE/FLEX,4400,LV@BAL 09/15/2024 01:00PM ET,LV,0.0,101.0,,,33.97727272727273,3.340909090909091,350.0,,,,,3.397727272727273,3.340909090909091,1.7142857142857142,,,8.452922077922077,8.452922077922077
170,RB,D'Onta Foreman (35785628),D'Onta Foreman,35785628,RB/FLEX,4400,CLE@JAX 09/15/2024 01:00PM ET,CLE,10.13,188.0,,,,,475.0,,,,,,,1.263157894736842,,,1.263157894736842,1.263157894736842
171,WR,Gabe Davis (35785908),Gabe Davis,35785908,WR/FLEX,4400,CLE@JAX 09/15/2024 01:00PM ET,JAX,10.08,170.0,,,37.5,3.6363636363636367,350.0,,,,,3.75,3.6363636363636367,1.7142857142857142,,,9.10064935064935,9.10064935064935
172,RB,Israel Abanikanda (35785634),Israel Abanikanda,35785634,RB/FLEX,4400,NYJ@TEN 09/15/2024 01:00PM ET,NYJ,2.88,414.0,,,,,3000.0,,,,,,,0.2,,,0.2,0.2
173,WR,Tyler Boyd (35785906),Tyler Boyd,35785906,WR/FLEX,4400,NYJ@TEN 09/15/2024 01:00PM ET,TEN,8.75,131.0,,,27.122727272727275,2.5227272727272725,500.0,,,,,2.712272727272728,2.5227272727272725,1.2000000000000002,,,6.4350000000000005,6.4350000000000005
177,WR,Jauan Jennings (35785916),Jauan Jennings,35785916,WR/FLEX,4300,SF@MIN 09/15/2024 01:00PM ET,SF,5.21,144.0,,,17.5,2.25,475.0,,,,,1.75,2.25,1.263157894736842,,,5.2631578947368425,5.2631578947368425
178,RB,Kenny McIntosh (35785638),Kenny McIntosh,35785638,RB/FLEX,4300,SEA@NE 09/15/2024 01:00PM ET,SEA,0.0,229.0,,,,,1600.0,,,,,,,0.375,,,0.375,0.375
181,WR,Wan'Dale Robinson (35785912),Wan'Dale Robinson,35785912,WR/FLEX,4300,NYG@WAS 09/15/2024 01:00PM ET,NYG,8.88,160.0,,,28.75,3.333333333333333,450.0,,,,,2.875,3.333333333333333,1.3333333333333333,,,7.541666666666666,7.541666666666666
183,WR,Josh Reynolds (35785914),Josh Reynolds,35785914,WR/FLEX,4300,PIT@DEN 09/15/2024 04:25PM ET,DEN,7.85,72.0,,,31.250000000000004,2.5,475.0,,,,,3.1250000000000004,2.5,1.263157894736842,,,6.8881578947368425,6.8881578947368425
184,RB,Kimani Vidal (35785642),Kimani Vidal,35785642,RB/FLEX,4200,LAC@CAR 09/15/2024 01:00PM ET,LAC,0.0,226.0,,,,,1000.0,,,,,,,0.6000000000000001,,,0.6000000000000001,0.6000000000000001
185,RB,Sean Tucker (35785644),Sean Tucker,35785644,RB/FLEX,4200,TB@DET 09/15/2024 01:00PM ET,TB,0.47,323.0,,,,,4000.0,,,,,,,0.15,,,0.15,0.15
186,RB,Hassan Haskins (35785646),Hassan Haskins,35785646,RB/FLEX,4100,LAC@CAR 09/15/2024 01:00PM ET,LAC,0.0,216.0,,,,,1400.0,,,,,,,0.4285714285714285,,,0.4285714285714285,0.4285714285714285
187,WR,Quentin Johnston (35785920),Quentin Johnston,35785920,WR/FLEX,4100,LAC@CAR 09/15/2024 01:00PM ET,LAC,5.53,98.0,,,30.5,2.083333333333333,450.0,,,,,3.0500000000000003,2.083333333333333,1.3333333333333333,,,6.466666666666667,6.466666666666667
188,RB,Eric Gray (35785648),Eric Gray,35785648,RB/FLEX,4100,NYG@WAS 09/15/2024 01:00PM ET,NYG,1.0,329.0,,,,,1000.0,,,,,,,0.6000000000000001,,,0.6000000000000001,0.6000000000000001
189,WR,Darius Slayton (35785918),Darius Slayton,35785918,WR/FLEX,4100,NYG@WAS 09/15/2024 01:00PM ET,NYG,9.06,156.0,,,26.727272727272727,2.083333333333333,600.0,,,,,2.672727272727273,2.083333333333333,1.0,,,5.756060606060606,5.756060606060606
204,RB,Ameer Abdullah (35785662),Ameer Abdullah,35785662,RB/FLEX,4000,LV@BAL 09/15/2024 01:00PM ET,LV,2.41,217.0,,,,,1100.0,,,,,,,0.5454545454545454,,,0.5454545454545454,0.5454545454545454
211,RB,Dylan Laube (35785778),Dylan Laube,35785778,RB/FLEX,4000,LV@BAL 09/15/2024 01:00PM ET,LV,0.0,236.0,,,,,1000.0,,,,,,,0.6000000000000001,,,0.6000000000000001,0.6000000000000001
213,RB,Tyreik McAllister (35785794),Tyreik McAllister,35785794,RB/FLEX,4000,LV@BAL 09/15/2024 01:00PM ET,LV,0.0,214.0,,,,,2000.0,,,,,,,0.3,,,0.3,0.3
215,RB,Raheem Blackshear (35785758),Raheem Blackshear,35785758,RB/FLEX,4000,LAC@CAR 09/15/2024 01:00PM ET,CAR,1.42,473.0,,,,,1300.0,,,,,,,0.4615384615384615,,,0.4615384615384615,0.4615384615384615
218,RB,Jaret Patterson (35785764),Jaret Patterson,35785764,RB/FLEX,4000,LAC@CAR 09/15/2024 01:00PM ET,LAC,0.0,212.0,,,,,1400.0,,,,,,,0.4285714285714285,,,0.4285714285714285,0.4285714285714285
221,RB,Kendre Miller (35785652),Kendre Miller,35785652,RB/FLEX,4000,NO@DAL 09/15/2024 01:00PM ET,NO,5.41,468.0,,,,,750.0,,,,,,,0.8,,,0.8,0.8
222,RB,Jordan Mims (35785746),Jordan Mims,35785746,RB/FLEX,4000,NO@DAL 09/15/2024 01:00PM ET,NO,0.0,447.0,,,,,1750.0,,,,,,,0.3428571428571428,,,0.3428571428571428,0.3428571428571428
223,RB,Adam Prentice (35785748),Adam Prentice,35785748,RB/FLEX,4000,NO@DAL 09/15/2024 01:00PM ET,NO,0.26,474.0,,,,,2500.0,,,,,,,0.24,,,0.24,0.24
225,RB,Hunter Luepke (35785752),Hunter Luepke,35785752,RB/FLEX,4000,NO@DAL 09/15/2024 01:00PM ET,DAL,0.71,209.0,,,,,3300.0,,,,,,,0.1818181818181818,,,0.1818181818181818,0.1818181818181818
228,RB,Deuce Vaughn (35785792),Deuce Vaughn,35785792,RB/FLEX,4000,NO@DAL 09/15/2024 01:00PM ET,DAL,2.14,195.0,,,,,1600.0,,,,,,,0.375,,,0.375,0.375
229,DST,Cowboys  (35786556),Cowboys ,35786556,DST,4000,NO@DAL 09/15/2024 01:00PM ET,DAL,9.67,,,,,,,,,,,,,,,,10.419354838709676,10.419354838709676
234,RB,Chase Edmonds (35785650),Chase Edmonds,35785650,RB/FLEX,4000,TB@DET 09/15/2024 01:00PM ET,TB,3.23,253.0,,,,,700.0,,,,,,,0.8571428571428571,,,0.8571428571428571,0.8571428571428571
235,RB,Craig Reynolds (35785666),Craig Reynolds,35785666,RB/FLEX,4000,TB@DET 09/15/2024 01:00PM ET,DET,1.88,279.0,,,,,1600.0,,,,,,,0.375,,,0.375,0.375
237,RB,Sione Vaki (35785742),Sione Vaki,35785742,RB/FLEX,4000,TB@DET 09/15/2024 01:00PM ET,DET,0.0,280.0,,,,,1200.0,,,,,,,0.5,,,0.5,0.5
241,RB,Evan Hull (35785656),Evan Hull,35785656,RB/FLEX,4000,IND@GB 09/15/2024 01:00PM ET,IND,1.7,422.0,,,,,2200.0,,,,,,,0.2727272727272727,,,0.2727272727272727,0.2727272727272727
243,RB,Tyler Goodson (35785730),Tyler Goodson,35785730,RB/FLEX,4000,IND@GB 09/15/2024 01:00PM ET,IND,3.02,347.0,,,,,2500.0,,,,,,,0.24,,,0.24,0.24
248,WR,Adonai Mitchell (35785922),Adonai Mitchell,35785922,WR/FLEX,4000,IND@GB 09/15/2024 01:00PM ET,IND,0.0,125.0,,,37.11363636363636,3.5,400.0,,,,,3.711363636363636,3.5,1.5,,,8.711363636363636,8.711363636363636
252,RB,Keilan Robinson (35785722),Keilan Robinson,35785722,RB/FLEX,4000,CLE@JAX 09/15/2024 01:00PM ET,JAX,0.0,457.0,,,,,2200.0,,,,,,,0.2727272727272727,,,0.2727272727272727,0.2727272727272727
254,RB,Pierre Strong Jr. (35785726),Pierre Strong Jr.,35785726,RB/FLEX,4000,CLE@JAX 09/15/2024 01:00PM ET,CLE,2.58,189.0,,,,,700.0,,,,,,,0.8571428571428571,,,0.8571428571428571,0.8571428571428571
260,RB,Elijah Mitchell (35785712),Elijah Mitchell,35785712,RB/FLEX,4000,SF@MIN 09/15/2024 01:00PM ET,SF,3.93,413.0,,,,,1000.0,,,,,,,0.6000000000000001,,,0.6000000000000001,0.6000000000000001
262,RB,Kyle Juszczyk (35785716),Kyle Juszczyk,35785716,RB/FLEX,4000,SF@MIN 09/15/2024 01:00PM ET,SF,2.47,148.0,,,3.1818181818181817,,1500.0,,,,,0.3181818181818182,,0.4,,,0.7181818181818183,0.7181818181818183
264,RB,C.J. Ham (35785720),C.J. Ham,35785720,RB/FLEX,4000,SF@MIN 09/15/2024 01:00PM ET,MIN,0.6,450.0,,,,,2500.0,,,,,,,0.24,,,0.24,0.24
265,RB,Myles Gaskin (35785798),Myles Gaskin,35785798,RB/FLEX,4000,SF@MIN 09/15/2024 01:00PM ET,MIN,0.0,452.0,,,,,2500.0,,,,,,,0.24,,,0.24,0.24
271,RB,George Holani (35785796),George Holani,35785796,RB/FLEX,4000,SEA@NE 09/15/2024 01:00PM ET,SEA,0.0,180.0,,,,,1900.0,,,,,,,0.3157894736842105,,,0.3157894736842105,0.3157894736842105
275,RB,Julius Chestnut (35785702),Julius Chestnut,35785702,RB/FLEX,4000,NYJ@TEN 09/15/2024 01:00PM ET,TEN,0.0,378.0,,,,,2200.0,,,,,,,0.2727272727272727,,,0.2727272727272727,0.2727272727272727
277,TE,Chig Okonkwo (35786294),Chig Okonkwo,35786294,TE/FLEX,4000,NYJ@TEN 09/15/2024 01:00PM ET,TEN,6.67,133.0,,,25.5,2.8409090909090917,500.0,,,,,2.5500000000000003,2.8409090909090917,1.2000000000000002,,,6.590909090909092,6.590909090909092
280,RB,Jeremy McNichols (35785690),Jeremy McNichols,35785690,RB/FLEX,4000,NYG@WAS 09/15/2024 01:00PM ET,WAS,0.0,327.0,,,,,3000.0,,,,,,,0.2,,,0.2,0.2
290,RB,Ronnie Rivers (35785686),Ronnie Rivers,35785686,RB/FLEX,4000,LAR@ARI 09/15/2024 04:05PM ET,LAR,2.75,282.0,,,,,2200.0,,,,,,,0.2727272727272727,,,0.2727272727272727,0.2727272727272727
291,RB,Cody Schrader (35785688),Cody Schrader,35785688,RB/FLEX,4000,LAR@ARI 09/15/2024 04:05PM ET,LAR,0.0,271.0,,,,,2200.0,,,,,,,0.2727272727272727,,,0.2727272727272727,0.2727272727272727
292,WR,Demarcus Robinson (35785924),Demarcus Robinson,35785924,WR/FLEX,4000,LAR@ARI 09/15/2024 04:05PM ET,LAR,5.64,106.0,,,27.142857142857142,2.0,425.0,,,,,2.7142857142857144,2.0,1.4117647058823528,,,6.126050420168067,6.126050420168067
298,RB,Audric Estime (35785676),Audric Estime,35785676,RB/FLEX,4000,PIT@DEN 09/15/2024 04:25PM ET,DEN,0.0,233.0,,,,,950.0,,,,,,,0.631578947368421,,,0.631578947368421,0.631578947368421
299,RB,Blake Watson (35785678),Blake Watson,35785678,RB/FLEX,4000,PIT@DEN 09/15/2024 04:25PM ET,DEN,0.0,186.0,,,,,1300.0,,,,,,,0.4615384615384615,,,0.4615384615384615,0.4615384615384615
300,RB,Michael Burton (35785680),Michael Burton,35785680,RB/FLEX,4000,PIT@DEN 09/15/2024 04:25PM ET,DEN,0.39,208.0,,,,,2200.0,,,,,,,0.2727272727272727,,,0.2727272727272727,0.2727272727272727
303,TE,Taysom Hill (35786296),Taysom Hill,35786296,TE/FLEX,3900,NO@DAL 09/15/2024 01:00PM ET,NO,9.03,63.0,,15.818181818181817,8.181818181818182,,210.0,,,,1.5818181818181818,0.8181818181818182,,2.8571428571428568,,,5.257142857142856,5.257142857142856
304,WR,Jalen Nailor (35785926),Jalen Nailor,35785926,WR/FLEX,3900,SF@MIN 09/15/2024 01:00PM ET,MIN,0.98,121.0,,,19.5,1.772727272727273,750.0,,,,,1.95,1.772727272727273,0.8,,,4.522727272727273,4.522727272727273
309,DST,Jets  (35786557),Jets ,35786557,DST,3800,NYJ@TEN 09/15/2024 01:00PM ET,NYJ,9.24,,,,,,,,,,,,,,,,2.644260599793175,2.644260599793175
310,WR,Luke McCaffrey (35785936),Luke McCaffrey,35785936,WR/FLEX,3800,NYG@WAS 09/15/2024 01:00PM ET,WAS,0.0,320.0,,,,,850.0,,,,,,,0.7058823529411764,,,0.7058823529411764,0.7058823529411764
312,DST,Ravens  (35786558),Ravens ,35786558,DST,3700,LV@BAL 09/15/2024 01:00PM ET,BAL,9.53,,,,,,,,,,,,,,,,5.464823030990425,5.464823030990425
313,TE,Juwan Johnson (35786300),Juwan Johnson,35786300,TE/FLEX,3700,NO@DAL 09/15/2024 01:00PM ET,NO,7.52,163.0,,,24.5,2.6136363636363638,425.0,,,,,2.45,2.6136363636363638,1.4117647058823528,,,6.475401069518716,6.475401069518716
314,WR,Chris Conley (35785942),Chris Conley,35785942,WR/FLEX,3700,SF@MIN 09/15/2024 01:00PM ET,SF,1.4,364.0,,,,,1400.0,,,,,,,0.4285714285714285,,,0.4285714285714285,0.4285714285714285
315,WR,Tutu Atwell (35785940),Tutu Atwell,35785940,WR/FLEX,3700,LAR@ARI 09/15/2024 04:05PM ET,LAR,7.42,266.0,,,,,1100.0,,,,,,,0.5454545454545454,,,0.5454545454545454,0.5454545454545454
317,WR,Jalen McMillan (35785948),Jalen McMillan,35785948,WR/FLEX,3600,TB@DET 09/15/2024 01:00PM ET,TB,0.0,111.0,,,24.5,2.0,500.0,,,,,2.45,2.0,1.2000000000000002,,,5.65,5.65
318,TE,Cade Otton (35786302),Cade Otton,35786302,TE/FLEX,3600,TB@DET 09/15/2024 01:00PM ET,TB,8.0,107.0,,,27.818181818181817,3.0227272727272725,285.0,,,,,2.7818181818181817,3.0227272727272725,2.1052631578947367,,,7.909808612440191,7.909808612440191
319,WR,Elijah Moore (35785944),Elijah Moore,35785944,WR/FLEX,3600,CLE@JAX 09/15/2024 01:00PM ET,CLE,7.63,114.0,,,19.34090909090909,2.1,550.0,,,,,1.934090909090909,2.1,1.0909090909090908,,,5.124999999999999,5.124999999999999
320,DST,49ers  (35786559),49ers ,35786559,DST,3600,SF@MIN 09/15/2024 01:00PM ET,SF,7.75,,,,,,,,,,,,,,,,11.0890015678687,11.0890015678687
321,TE,Noah Fant (35786304),Noah Fant,35786304,TE/FLEX,3600,SEA@NE 09/15/2024 01:00PM ET,SEA,4.32,77.0,,,29.795454545454543,3.75,450.0,,,,,2.9795454545454545,3.75,1.3333333333333333,,,8.062878787878788,8.062878787878788
325,WR,Jalen Tolbert (35785960),Jalen Tolbert,35785960,WR/FLEX,3500,NO@DAL 09/15/2024 01:00PM ET,DAL,3.32,113.0,,,21.095454545454544,2.25,750.0,,,,,2.1095454545454544,2.25,0.8,,,5.159545454545454,5.159545454545454
326,WR,Kalif Raymond (35785954),Kalif Raymond,35785954,WR/FLEX,3500,TB@DET 09/15/2024 01:00PM ET,DET,5.73,112.0,,,23.222727272727276,2.1818181818181817,500.0,,,,,2.3222727272727277,2.1818181818181817,1.2000000000000002,,,5.704090909090909,5.704090909090909
327,TE,Tyler Conklin (35786308),Tyler Conklin,35786308,TE/FLEX,3500,NYJ@TEN 09/15/2024 01:00PM ET,NYJ,7.24,142.0,,,29.5,2.6923076923076925,425.0,,,,,2.95,2.6923076923076925,1.4117647058823528,,,7.054072398190046,7.054072398190046
328,TE,Zach Ertz (35786306),Zach Ertz,35786306,TE/FLEX,3500,NYG@WAS 09/15/2024 01:00PM ET,WAS,7.39,108.0,,,26.590909090909093,3.2954545454545454,425.0,,,,,2.6590909090909096,3.2954545454545454,1.4117647058823528,,,7.366310160427808,7.366310160427808
329,WR,Jordan Whittington (35785958),Jordan Whittington,35785958,WR/FLEX,3500,LAR@ARI 09/15/2024 04:05PM ET,LAR,0.0,267.0,,,,,1500.0,,,,,,,0.4,,,0.4,0.4
330,DST,Steelers  (35786560),Steelers ,35786560,DST,3500,PIT@DEN 09/15/2024 04:25PM ET,PIT,8.11,,,,,,,,,,,,,,,,3.3223137738933173,3.3223137738933173
331,WR,Tre Tucker (35785966),Tre Tucker,35785966,WR/FLEX,3400,LV@BAL 09/15/2024 01:00PM ET,LV,4.49,95.0,,,16.47727272727273,1.4285714285714284,900.0,,,,,1.6477272727272732,1.4285714285714284,0.6666666666666666,,,3.742965367965368,3.742965367965368
332,DST,Chargers  (35786561),Chargers ,35786561,DST,3400,LAC@CAR 09/15/2024 01:00PM ET,LAC,6.59,,,,,,,,,,,,,,,,4.968042165660339,4.968042165660339
333,WR,A.T. Perry (35785962),A.T. Perry,35785962,WR/FLEX,3400,NO@DAL 09/15/2024 01:00PM ET,NO,6.06,469.0,,,,,600.0,,,,,,,1.0,,,1.0,1.0
334,WR,KaVontae Turpin (35785976),KaVontae Turpin,35785976,WR/FLEX,3400,NO@DAL 09/15/2024 01:00PM ET,DAL,3.51,194.0,,,,,1500.0,,,,,,,0.4,,,0.4,0.4
335,WR,Tim Patrick (35785964),Tim Patrick,35785964,WR/FLEX,3400,TB@DET 09/15/2024 01:00PM ET,DET,0.0,232.0,,,,,1400.0,,,,,,,0.4285714285714285,,,0.4285714285714285,0.4285714285714285
337,TE,Josh Oliver (35786312),Josh Oliver,35786312,TE/FLEX,3400,SF@MIN 09/15/2024 01:00PM ET,MIN,3.19,91.0,,,8.181818181818182,1.0,700.0,,,,,0.8181818181818182,1.0,0.8571428571428571,,,2.6753246753246755,2.6753246753246755
338,WR,Xavier Gipson (35785970),Xavier Gipson,35785970,WR/FLEX,3400,NYJ@TEN 09/15/2024 01:00PM ET,NYJ,3.57,146.0,,,12.5,1.3043478260869563,700.0,,,,,1.25,1.3043478260869563,0.8571428571428571,,,3.4114906832298137,3.4114906832298137
339,WR,Treylon Burks (35785974),Treylon Burks,35785974,WR/FLEX,3400,NYJ@TEN 09/15/2024 01:00PM ET,TEN,3.63,149.0,,,0.0,0.9375,750.0,,,,,0.0,0.9375,0.8,,,1.7375,1.7375
341,WR,Devaughn Vele (35785972),Devaughn Vele,35785972,WR/FLEX,3400,PIT@DEN 09/15/2024 04:25PM ET,DEN,0.0,185.0,,,,,1700.0,,,,,,,0.3529411764705882,,,0.3529411764705882,0.3529411764705882
343,WR,Trey Palmer (35785982),Trey Palmer,35785982,WR/FLEX,3300,TB@DET 09/15/2024 01:00PM ET,TB,6.07,104.0,,,10.977272727272728,,500.0,,,,,1.0977272727272729,,1.2000000000000002,,,2.297727272727273,2.297727272727273
345,DST,Colts  (35786563),Colts ,35786563,DST,3300,IND@GB 09/15/2024 01:00PM ET,IND,8.18,,,,,,,,,,,,,,,,7.573773226140041,7.573773226140041
346,DST,Browns  (35786562),Browns ,35786562,DST,3300,CLE@JAX 09/15/2024 01:00PM ET,CLE,8.67,,,,,,,,,,,,,,,,10.237215198318712,10.237215198318712
347,WR,Brandon Powell (35785984),Brandon Powell,35785984,WR/FLEX,3300,SF@MIN 09/15/2024 01:00PM ET,MIN,4.01,454.0,,,,,1100.0,,,,,,,0.5454545454545454,,,0.5454545454545454,0.5454545454545454
348,WR,Jacob Cowing (35785992),Jacob Cowing,35785992,WR/FLEX,3300,SF@MIN 09/15/2024 01:00PM ET,SF,0.0,365.0,,,,,1750.0,,,,,,,0.3428571428571428,,,0.3428571428571428,0.3428571428571428
350,WR,Allen Lazard (35785990),Allen Lazard,35785990,WR/FLEX,3300,NYJ@TEN 09/15/2024 01:00PM ET,NYJ,4.29,145.0,,,16.5,1.3909090909090909,900.0,,,,,1.65,1.3909090909090909,0.6666666666666666,,,3.7075757575757575,3.7075757575757575
351,WR,Tyler Johnson (35785986),Tyler Johnson,35785986,WR/FLEX,3300,LAR@ARI 09/15/2024 04:05PM ET,LAR,8.8,281.0,,,,,2200.0,,,,,,,0.2727272727272727,,,0.2727272727272727,0.2727272727272727
354,DST,Chiefs  (35786564),Chiefs ,35786564,DST,3200,CIN@KC 09/15/2024 04:25PM ET,KC,7.76,,,,,,,,,,,,,,,,9.806951996530673,9.806951996530673
355,WR,Jonathan Mingo (35785994),Jonathan Mingo,35785994,WR/FLEX,3200,LAC@CAR 09/15/2024 01:00PM ET,CAR,5.65,153.0,,,16.5,1.977272727272727,600.0,,,,,1.65,1.977272727272727,1.0,,,4.627272727272727,4.627272727272727
356,WR,Jalen Brooks (35786008),Jalen Brooks,35786008,WR/FLEX,3200,NO@DAL 09/15/2024 01:00PM ET,DAL,1.77,197.0,,,,,1800.0,,,,,,,0.3333333333333333,,,0.3333333333333333,0.3333333333333333
358,WR,Ashton Dulin (35786002),Ashton Dulin,35786002,WR/FLEX,3200,IND@GB 09/15/2024 01:00PM ET,IND,0.0,380.0,,,,,2200.0,,,,,,,0.2727272727272727,,,0.2727272727272727,0.2727272727272727
360,TE,Johnny Mundt (35786318),Johnny Mundt,35786318,TE/FLEX,3200,SF@MIN 09/15/2024 01:00PM ET,MIN,2.36,159.0,,,22.363636363636363,2.5,550.0,,,,,2.2363636363636363,2.5,1.0909090909090908,,,5.827272727272727,5.827272727272727
361,TE,Jake Tonges (35786320),Jake Tonges,35786320,TE/FLEX,3200,SF@MIN 09/15/2024 01:00PM ET,SF,0.0,369.0,,,,,2200.0,,,,,,,0.2727272727272727,,,0.2727272727272727,0.2727272727272727
362,WR,Nick Westbrook-Ikhine (35786006),Nick Westbrook-Ikhine,35786006,WR/FLEX,3200,NYJ@TEN 09/15/2024 01:00PM ET,TEN,6.07,349.0,,,,,1300.0,,,,,,,0.4615384615384615,,,0.4615384615384615,0.4615384615384615
363,WR,Noah Brown (35785998),Noah Brown,35785998,WR/FLEX,3200,NYG@WAS 09/15/2024 01:00PM ET,WAS,9.78,117.0,,,35.79545454545455,3.522727272727273,600.0,,,,,3.579545454545455,3.522727272727273,1.0,,,8.102272727272728,8.102272727272728
364,WR,Dyami Brown (35786010),Dyami Brown,35786010,WR/FLEX,3200,NYG@WAS 09/15/2024 01:00PM ET,WAS,2.06,115.0,,,19.5,1.9090909090909087,650.0,,,,,1.95,1.9090909090909087,0.9230769230769232,,,4.782167832167833,4.782167832167833
367,WR,Cedric Tillman (35786014),Cedric Tillman,35786014,WR/FLEX,3100,CLE@JAX 09/15/2024 01:00PM ET,CLE,3.16,118.0,,,11.5,1.6363636363636362,800.0,,,,,1.15,1.6363636363636362,0.75,,,3.536363636363636,3.536363636363636
368,WR,Parker Washington (35786018),Parker Washington,35786018,WR/FLEX,3100,CLE@JAX 09/15/2024 01:00PM ET,JAX,4.47,340.0,,,,,900.0,,,,,,,0.6666666666666666,,,0.6666666666666666,0.6666666666666666
369,DST,Jaguars  (35786565),Jaguars ,35786565,DST,3100,CLE@JAX 09/15/2024 01:00PM ET,JAX,7.06,,,,,,,,,,,,,,,,7.937518764386029,7.937518764386029
370,WR,Jalin Hyatt (35786016),Jalin Hyatt,35786016,WR/FLEX,3100,NYG@WAS 09/15/2024 01:00PM ET,NYG,3.72,157.0,,,21.27272727272727,1.977272727272727,475.0,,,,,2.127272727272727,1.977272727272727,1.263157894736842,,,5.367703349282296,5.367703349282296
371,TE,Colby Parkinson (35786324),Colby Parkinson,35786324,TE/FLEX,3100,LAR@ARI 09/15/2024 04:05PM ET,LAR,3.61,109.0,,,25.613636363636363,2.5,375.0,,,,,2.5613636363636365,2.5,1.6,,,6.661363636363637,6.661363636363637
391,WR,DJ Turner (35786238),DJ Turner,35786238,WR/FLEX,3000,LV@BAL 09/15/2024 01:00PM ET,LV,0.0,223.0,,,,,1500.0,,,,,,,0.4,,,0.4,0.4
392,WR,Ramel Keyton (35786240),Ramel Keyton,35786240,WR/FLEX,3000,LV@BAL 09/15/2024 01:00PM ET,LV,0.0,241.0,,,,,1500.0,,,,,,,0.4,,,0.4,0.4
395,WR,Kristian Wilkerson (35786246),Kristian Wilkerson,35786246,WR/FLEX,3000,LV@BAL 09/15/2024 01:00PM ET,LV,0.0,240.0,,,,,1700.0,,,,,,,0.3529411764705882,,,0.3529411764705882,0.3529411764705882
397,WR,Jalen Guyton (35786250),Jalen Guyton,35786250,WR/FLEX,3000,LV@BAL 09/15/2024 01:00PM ET,LV,3.11,239.0,,,,,1200.0,,,,,,,0.5,,,0.5,0.5
398,WR,DJ Chark (35786022),DJ Chark,35786022,WR/FLEX,3000,LAC@CAR 09/15/2024 01:00PM ET,LAC,7.77,97.0,,,24.354545454545452,,450.0,,,,,2.435454545454545,,1.3333333333333333,,,3.768787878787879,3.768787878787879
399,WR,David Moore (35786206),David Moore,35786206,WR/FLEX,3000,LAC@CAR 09/15/2024 01:00PM ET,CAR,4.12,393.0,,,,,2200.0,,,,,,,0.2727272727272727,,,0.2727272727272727,0.2727272727272727
401,WR,Jalen Coker (35786210),Jalen Coker,35786210,WR/FLEX,3000,LAC@CAR 09/15/2024 01:00PM ET,CAR,0.0,375.0,,,,,1700.0,,,,,,,0.3529411764705882,,,0.3529411764705882,0.3529411764705882
403,WR,Derius Davis (35786214),Derius Davis,35786214,WR/FLEX,3000,LAC@CAR 09/15/2024 01:00PM ET,LAC,2.16,220.0,,,,,1000.0,,,,,,,0.6000000000000001,,,0.6000000000000001,0.6000000000000001
404,WR,Simi Fehoko (35786216),Simi Fehoko,35786216,WR/FLEX,3000,LAC@CAR 09/15/2024 01:00PM ET,LAC,1.32,225.0,,,,,2500.0,,,,,,,0.24,,,0.24,0.24
405,WR,Brenden Rice (35786218),Brenden Rice,35786218,WR/FLEX,3000,LAC@CAR 09/15/2024 01:00PM ET,LAC,0.0,215.0,,,,,2500.0,,,,,,,0.24,,,0.24,0.24
408,TE,Hayden Hurst (35786332),Hayden Hurst,35786332,TE/FLEX,3000,LAC@CAR 09/15/2024 01:00PM ET,LAC,4.71,94.0,,,20.18181818181818,2.2727272727272725,550.0,,,,,2.018181818181818,2.2727272727272725,1.0909090909090908,,,5.381818181818182,5.381818181818182
409,WR,Bub Means (35786192),Bub Means,35786192,WR/FLEX,3000,NO@DAL 09/15/2024 01:00PM ET,NO,0.0,461.0,,,,,1750.0,,,,,,,0.3428571428571428,,,0.3428571428571428,0.3428571428571428
410,WR,Mason Tipton (35786194),Mason Tipton,35786194,WR/FLEX,3000,NO@DAL 09/15/2024 01:00PM ET,NO,0.0,444.0,,,,,2250.0,,,,,,,0.2666666666666666,,,0.2666666666666666,0.2666666666666666
413,WR,Ryan Flournoy (35786200),Ryan Flournoy,35786200,WR/FLEX,3000,NO@DAL 09/15/2024 01:00PM ET,DAL,0.0,196.0,,,,,1600.0,,,,,,,0.375,,,0.375,0.375
417,WR,Kameron Johnson (35786170),Kameron Johnson,35786170,WR/FLEX,3000,TB@DET 09/15/2024 01:00PM ET,TB,0.0,318.0,,,,,1700.0,,,,,,,0.3529411764705882,,,0.3529411764705882,0.3529411764705882
418,WR,Rakim Jarrett (35786172),Rakim Jarrett,35786172,WR/FLEX,3000,TB@DET 09/15/2024 01:00PM ET,TB,1.0,252.0,,,,,2500.0,,,,,,,0.24,,,0.24,0.24
419,WR,Sterling Shepard (35786174),Sterling Shepard,35786174,WR/FLEX,3000,TB@DET 09/15/2024 01:00PM ET,TB,1.42,254.0,,,,,800.0,,,,,,,0.75,,,0.75,0.75
421,WR,Ryan Miller (35786178),Ryan Miller,35786178,WR/FLEX,3000,TB@DET 09/15/2024 01:00PM ET,TB,0.0,284.0,,,,,2500.0,,,,,,,0.24,,,0.24,0.24
422,WR,Isaiah Williams (35786180),Isaiah Williams,35786180,WR/FLEX,3000,TB@DET 09/15/2024 01:00PM ET,DET,0.0,278.0,,,,,1900.0,,,,,,,0.3157894736842105,,,0.3157894736842105,0.3157894736842105
423,WR,Tom Kennedy (35786182),Tom Kennedy,35786182,WR/FLEX,3000,TB@DET 09/15/2024 01:00PM ET,DET,0.0,263.0,,,,,4500.0,,,,,,,0.1333333333333333,,,0.1333333333333333,0.1333333333333333
424,WR,Tre'Quan Smith (35786184),Tre'Quan Smith,35786184,WR/FLEX,3000,TB@DET 09/15/2024 01:00PM ET,DET,0.0,283.0,,,,,1900.0,,,,,,,0.3157894736842105,,,0.3157894736842105,0.3157894736842105
427,WR,Donovan Peoples-Jones (35786190),Donovan Peoples-Jones,35786190,WR/FLEX,3000,TB@DET 09/15/2024 01:00PM ET,DET,1.58,262.0,,,,,950.0,,,,,,,0.631578947368421,,,0.631578947368421,0.631578947368421
428,WR,Anthony Gould (35786156),Anthony Gould,35786156,WR/FLEX,3000,IND@GB 09/15/2024 01:00PM ET,IND,0.0,396.0,,,,,2200.0,,,,,,,0.2727272727272727,,,0.2727272727272727,0.2727272727272727
430,WR,Laquon Treadwell (35786160),Laquon Treadwell,35786160,WR/FLEX,3000,IND@GB 09/15/2024 01:00PM ET,IND,0.52,475.0,,,,,1200.0,,,,,,,0.5,,,0.5,0.5
435,WR,David Bell (35786026),David Bell,35786026,WR/FLEX,3000,CLE@JAX 09/15/2024 01:00PM ET,CLE,3.88,192.0,,,,,1100.0,,,,,,,0.5454545454545454,,,0.5454545454545454,0.5454545454545454
436,WR,Tim Jones (35786132),Tim Jones,35786132,WR/FLEX,3000,CLE@JAX 09/15/2024 01:00PM ET,JAX,1.14,379.0,,,,,2500.0,,,,,,,0.24,,,0.24,0.24
437,WR,Devin Duvernay (35786134),Devin Duvernay,35786134,WR/FLEX,3000,CLE@JAX 09/15/2024 01:00PM ET,JAX,0.49,355.0,,,,,2000.0,,,,,,,0.3,,,0.3,0.3
439,WR,Elijah Cooks (35786138),Elijah Cooks,35786138,WR/FLEX,3000,CLE@JAX 09/15/2024 01:00PM ET,JAX,0.76,458.0,,,,,2200.0,,,,,,,0.2727272727272727,,,0.2727272727272727,0.2727272727272727
443,WR,Jamari Thrash (35786146),Jamari Thrash,35786146,WR/FLEX,3000,CLE@JAX 09/15/2024 01:00PM ET,CLE,0.0,202.0,,,,,2800.0,,,,,,,0.2142857142857142,,,0.2142857142857142,0.2142857142857142
444,WR,Jaelon Darden (35786148),Jaelon Darden,35786148,WR/FLEX,3000,CLE@JAX 09/15/2024 01:00PM ET,CLE,0.0,119.0,,,0.5,0.3703703703703703,1800.0,,,,,0.05,0.3703703703703703,0.3333333333333333,,,0.7537037037037037,0.7537037037037037
448,TE,Jordan Akins (35786334),Jordan Akins,35786334,TE/FLEX,3000,CLE@JAX 09/15/2024 01:00PM ET,CLE,1.57,193.0,,,,,1500.0,,,,,,,0.4,,,0.4,0.4
449,WR,Ronnie Bell (35786118),Ronnie Bell,35786118,WR/FLEX,3000,SF@MIN 09/15/2024 01:00PM ET,SF,1.81,363.0,,,,,1400.0,,,,,,,0.4285714285714285,,,0.4285714285714285,0.4285714285714285
450,WR,Ricky Pearsall (35786120),Ricky Pearsall,35786120,WR/FLEX,3000,SF@MIN 09/15/2024 01:00PM ET,SF,0.0,412.0,,,,,700.0,,,,,,,0.8571428571428571,,,0.8571428571428571,0.8571428571428571
453,WR,Trishton Jackson (35786126),Trishton Jackson,35786126,WR/FLEX,3000,SF@MIN 09/15/2024 01:00PM ET,MIN,0.7,451.0,,,,,1750.0,,,,,,,0.3428571428571428,,,0.3428571428571428,0.3428571428571428
456,TE,Eric Saubert (35786336),Eric Saubert,35786336,TE/FLEX,3000,SF@MIN 09/15/2024 01:00PM ET,SF,0.42,371.0,,,,,1900.0,,,,,,,0.3157894736842105,,,0.3157894736842105,0.3157894736842105
458,WR,Jake Bobo (35786100),Jake Bobo,35786100,WR/FLEX,3000,SEA@NE 09/15/2024 01:00PM ET,SEA,3.35,183.0,,,,,650.0,,,,,,,0.9230769230769232,,,0.9230769230769232,0.9230769230769232
460,WR,Dareke Young (35786104),Dareke Young,35786104,WR/FLEX,3000,SEA@NE 09/15/2024 01:00PM ET,SEA,0.0,182.0,,,,,1100.0,,,,,,,0.5454545454545454,,,0.5454545454545454,0.5454545454545454
468,DST,Seahawks  (35786568),Seahawks ,35786568,DST,3000,SEA@NE 09/15/2024 01:00PM ET,SEA,6.41,,,,,,,,,,,,,,,,3.5288054174867396,3.5288054174867396
469,WR,Malachi Corley (35786080),Malachi Corley,35786080,WR/FLEX,3000,NYJ@TEN 09/15/2024 01:00PM ET,NYJ,0.0,367.0,,,,,1300.0,,,,,,,0.4615384615384615,,,0.4615384615384615,0.4615384615384615
470,WR,Irvin Charles (35786082),Irvin Charles,35786082,WR/FLEX,3000,NYJ@TEN 09/15/2024 01:00PM ET,NYJ,0.0,366.0,,,,,2500.0,,,,,,,0.24,,,0.24,0.24
472,WR,Jason Brownlee (35786086),Jason Brownlee,35786086,WR/FLEX,3000,NYJ@TEN 09/15/2024 01:00PM ET,NYJ,2.37,389.0,,,,,2000.0,,,,,,,0.3,,,0.3,0.3
475,WR,Jha'Quan Jackson (35786092),Jha'Quan Jackson,35786092,WR/FLEX,3000,NYJ@TEN 09/15/2024 01:00PM ET,TEN,0.0,392.0,,,,,2000.0,,,,,,,0.3,,,0.3,0.3
479,WR,Olamide Zaccheaus (35786062),Olamide Zaccheaus,35786062,WR/FLEX,3000,NYG@WAS 09/15/2024 01:00PM ET,WAS,2.22,116.0,,,17.5,1.6363636363636362,800.0,,,,,1.75,1.6363636363636362,0.75,,,4.136363636363637,4.136363636363637
480,WR,Jamison Crowder (35786064),Jamison Crowder,35786064,WR/FLEX,3000,NYG@WAS 09/15/2024 01:00PM ET,WAS,2.17,293.0,,,,,1300.0,,,,,,,0.4615384615384615,,,0.4615384615384615,0.4615384615384615
484,WR,Gunner Olszewski (35786072),Gunner Olszewski,35786072,WR/FLEX,3000,NYG@WAS 09/15/2024 01:00PM ET,NYG,0.42,221.0,,,,,4000.0,,,,,,,0.15,,,0.15,0.15
485,WR,Bryce Ford-Wheaton (35786074),Bryce Ford-Wheaton,35786074,WR/FLEX,3000,NYG@WAS 09/15/2024 01:00PM ET,NYG,0.0,402.0,,,,,2500.0,,,,,,,0.24,,,0.24,0.24
488,DST,Commanders  (35786567),Commanders ,35786567,DST,3000,NYG@WAS 09/15/2024 01:00PM ET,WAS,3.41,,,,,,,,,,,,,,,,-0.24341995529906235,-0.24341995529906235
497,WR,Xavier Smith (35786060),Xavier Smith,35786060,WR/FLEX,3000,LAR@ARI 09/15/2024 04:05PM ET,LAR,0.0,273.0,,,,,2200.0,,,,,,,0.2727272727272727,,,0.2727272727272727,0.2727272727272727
501,WR,Brandon Johnson (35786034),Brandon Johnson,35786034,WR/FLEX,3000,PIT@DEN 09/15/2024 04:25PM ET,PIT,5.65,181.0,,,,,1900.0,,,,,,,0.3157894736842105,,,0.3157894736842105,0.3157894736842105
502,WR,Troy Franklin (35786036),Troy Franklin,35786036,WR/FLEX,3000,PIT@DEN 09/15/2024 04:25PM ET,DEN,0.0,234.0,,,,,850.0,,,,,,,0.7058823529411764,,,0.7058823529411764,0.7058823529411764
503,WR,Lil'Jordan Humphrey (35786038),Lil'Jordan Humphrey,35786038,WR/FLEX,3000,PIT@DEN 09/15/2024 04:25PM ET,DEN,2.78,184.0,,,,,4500.0,,,,,,,0.1333333333333333,,,0.1333333333333333,0.1333333333333333
506,TE,Michael Mayer (35786344),Michael Mayer,35786344,TE/FLEX,2900,LV@BAL 09/15/2024 01:00PM ET,LV,5.1,84.0,,,14.795454545454549,1.9090909090909087,550.0,,,,,1.4795454545454547,1.9090909090909087,1.0909090909090908,,,4.479545454545455,4.479545454545455
507,TE,Will Dissly (35786342),Will Dissly,35786342,TE/FLEX,2900,LAC@CAR 09/15/2024 01:00PM ET,LAC,2.51,96.0,,,16.704545454545457,2.522727272727273,475.0,,,,,1.670454545454546,2.522727272727273,1.263157894736842,,,5.456339712918661,5.456339712918661
508,TE,Luke Schoonmaker (35786346),Luke Schoonmaker,35786346,TE/FLEX,2900,NO@DAL 09/15/2024 01:00PM ET,DAL,1.57,120.0,,,0.0,,1500.0,,,,,0.0,,0.4,,,0.4,0.4
509,DST,Lions  (35786569),Lions ,35786569,DST,2900,TB@DET 09/15/2024 01:00PM ET,DET,6.1,,,,,,,,,,,,,,,,4.240084064449411,4.240084064449411
510,TE,Kylen Granson (35786340),Kylen Granson,35786340,TE/FLEX,2900,IND@GB 09/15/2024 01:00PM ET,IND,4.87,127.0,,,20.38636363636364,1.7123287671232876,475.0,,,,,2.038636363636364,1.7123287671232876,1.263157894736842,,,5.0141230254964935,5.0141230254964935
512,DST,Rams  (35786566),Rams ,35786566,DST,2900,LAR@ARI 09/15/2024 04:05PM ET,LAR,4.78,,,,,,,,,,,,,,,,1.8577242552623683,1.8577242552623683
513,TE,Greg Dulcich (35786338),Greg Dulcich,35786338,TE/FLEX,2900,PIT@DEN 09/15/2024 04:25PM ET,DEN,2.75,83.0,,,21.43181818181818,2.083333333333333,500.0,,,,,2.143181818181818,2.083333333333333,1.2000000000000002,,,5.426515151515152,5.426515151515152
516,TE,Brevyn Spann-Ford (35786362),Brevyn Spann-Ford,35786362,TE/FLEX,2800,NO@DAL 09/15/2024 01:00PM ET,DAL,0.0,207.0,,,,,3000.0,,,,,,,0.2,,,0.2,0.2
518,DST,Patriots  (35786570),Patriots ,35786570,DST,2800,SEA@NE 09/15/2024 01:00PM ET,NE,6.47,,,,,,,,,,,,,,,,5.191346699136004,5.191346699136004
519,TE,Jeremy Ruckert (35786358),Jeremy Ruckert,35786358,TE/FLEX,2800,NYJ@TEN 09/15/2024 01:00PM ET,NYJ,2.07,147.0,,,6.5,1.0227272727272727,1300.0,,,,,0.65,1.0227272727272727,0.4615384615384615,,,2.1342657342657345,2.1342657342657345
520,TE,Daniel Bellinger (35786354),Daniel Bellinger,35786354,TE/FLEX,2800,NYG@WAS 09/15/2024 01:00PM ET,NYG,2.97,90.0,,,10.5,1.5,650.0,,,,,1.05,1.5,0.9230769230769232,,,3.473076923076923,3.473076923076923
521,TE,Davis Allen (35786352),Davis Allen,35786352,TE/FLEX,2800,LAR@ARI 09/15/2024 04:05PM ET,LAR,1.89,110.0,,,6.818181818181818,1.1090909090909091,1600.0,,,,,0.6818181818181819,1.1090909090909091,0.375,,,2.165909090909091,2.165909090909091
522,DST,Broncos  (35786571),Broncos ,35786571,DST,2800,PIT@DEN 09/15/2024 04:25PM ET,DEN,6.88,,,,,,,,,,,,,,,,1.6595723387930743,1.6595723387930743
523,TE,Brenden Bates (35786366),Brenden Bates,35786366,TE/FLEX,2700,NYJ@TEN 09/15/2024 01:00PM ET,NYJ,0.0,353.0,,,,,2800.0,,,,,,,0.2142857142857142,,,0.2142857142857142,0.2142857142857142
524,DST,Titans  (35786572),Titans ,35786572,DST,2700,NYJ@TEN 09/15/2024 01:00PM ET,TEN,5.94,,,,,,,,,,,,,,,,6.365780431664276,6.365780431664276
525,DST,Giants  (35786573),Giants ,35786573,DST,2700,NYG@WAS 09/15/2024 01:00PM ET,NYG,7.71,,,,,,,,,,,,,,,,10.733328885478867,10.733328885478867
526,TE,Adam Trautman (35786364),Adam Trautman,35786364,TE/FLEX,2700,PIT@DEN 09/15/2024 04:25PM ET,DEN,3.55,100.0,,,8.5,,700.0,,,,,0.8500000000000001,,0.8571428571428571,,,1.7071428571428573,1.7071428571428573
527,DST,Bengals  (35786575),Bengals ,35786575,DST,2600,CIN@KC 09/15/2024 04:25PM ET,CIN,6.94,,,,,,,,,,,,,,,,10.741468459152017,10.741468459152017
528,TE,Ja'Tavion Sanders (35786374),Ja'Tavion Sanders,35786374,TE/FLEX,2600,LAC@CAR 09/15/2024 01:00PM ET,CAR,0.0,152.0,,,20.5,2.1739130434782608,550.0,,,,,2.0500000000000003,2.1739130434782608,1.0909090909090908,,,5.314822134387351,5.314822134387351
529,TE,Foster Moreau (35786376),Foster Moreau,35786376,TE/FLEX,2600,NO@DAL 09/15/2024 01:00PM ET,NO,3.09,150.0,,,6.5,,1400.0,,,,,0.65,,0.4285714285714285,,,1.0785714285714283,1.0785714285714283
530,TE,Brock Wright (35786370),Brock Wright,35786370,TE/FLEX,2600,TB@DET 09/15/2024 01:00PM ET,DET,2.0,277.0,,,,,1100.0,,,,,,,0.5454545454545454,,,0.5454545454545454,0.5454545454545454
531,DST,Packers  (35786574),Packers ,35786574,DST,2600,IND@GB 09/15/2024 01:00PM ET,GB,6.9,,,,,,,,,,,,,,,,4.579344163858959,4.579344163858959
533,TE,Kenny Yeboah (35786380),Kenny Yeboah,35786380,TE/FLEX,2600,NYJ@TEN 09/15/2024 01:00PM ET,NYJ,0.96,386.0,,,,,2000.0,,,,,,,0.3,,,0.3,0.3
534,TE,Ben Sinnott (35786368),Ben Sinnott,35786368,TE/FLEX,2600,NYG@WAS 09/15/2024 01:00PM ET,WAS,0.0,322.0,,,,,1000.0,,,,,,,0.6000000000000001,,,0.6000000000000001,0.6000000000000001
535,TE,Theo Johnson (35786372),Theo Johnson,35786372,TE/FLEX,2600,NYG@WAS 09/15/2024 01:00PM ET,NYG,0.0,158.0,,,17.25,2.25,900.0,,,,,1.725,2.25,0.6666666666666666,,,4.641666666666667,4.641666666666667
538,TE,Peyton Hendershot (35786542),Peyton Hendershot,35786542,TE/FLEX,2500,CIN@KC 09/15/2024 04:25PM ET,KC,0.87,204.0,,,,,1500.0,,,,,,,0.4,,,0.4,0.4
547,TE,Harrison Bryant (35786536),Harrison Bryant,35786536,TE/FLEX,2500,LV@BAL 09/15/2024 01:00PM ET,LV,2.74,218.0,,,,,3000.0,,,,,,,0.2,,,0.2,0.2
549,DST,Raiders  (35786576),Raiders ,35786576,DST,2500,LV@BAL 09/15/2024 01:00PM ET,LV,8.59,,,,,,,,,,,,,,,,2.429095639990659,2.429095639990659
550,TE,Tommy Tremble (35786514),Tommy Tremble,35786514,TE/FLEX,2500,LAC@CAR 09/15/2024 01:00PM ET,CAR,3.78,446.0,,,,,550.0,,,,,,,1.0909090909090908,,,1.0909090909090908,1.0909090909090908
551,TE,Jordan Matthews (35786516),Jordan Matthews,35786516,TE/FLEX,2500,LAC@CAR 09/15/2024 01:00PM ET,CAR,0.0,470.0,,,,,800.0,,,,,,,0.75,,,0.75,0.75
553,TE,Messiah Swinson (35786520),Messiah Swinson,35786520,TE/FLEX,2500,LAC@CAR 09/15/2024 01:00PM ET,CAR,0.0,368.0,,,,,1400.0,,,,,,,0.4285714285714285,,,0.4285714285714285,0.4285714285714285
554,TE,Ian Thomas (35786522),Ian Thomas,35786522,TE/FLEX,2500,LAC@CAR 09/15/2024 01:00PM ET,CAR,0.88,448.0,,,,,1100.0,,,,,,,0.5454545454545454,,,0.5454545454545454,0.5454545454545454
555,TE,Stone Smartt (35786524),Stone Smartt,35786524,TE/FLEX,2500,LAC@CAR 09/15/2024 01:00PM ET,LAC,2.03,237.0,,,,,1600.0,,,,,,,0.375,,,0.375,0.375
556,TE,Eric Tomlinson (35786526),Eric Tomlinson,35786526,TE/FLEX,2500,LAC@CAR 09/15/2024 01:00PM ET,LAC,0.0,224.0,,,,,1400.0,,,,,,,0.4285714285714285,,,0.4285714285714285,0.4285714285714285
559,TE,Dallin Holker (35786504),Dallin Holker,35786504,TE/FLEX,2500,NO@DAL 09/15/2024 01:00PM ET,NO,0.0,445.0,,,,,2200.0,,,,,,,0.2727272727272727,,,0.2727272727272727,0.2727272727272727
564,TE,Payne Durham (35786488),Payne Durham,35786488,TE/FLEX,2500,TB@DET 09/15/2024 01:00PM ET,TB,0.91,325.0,,,,,1800.0,,,,,,,0.3333333333333333,,,0.3333333333333333,0.3333333333333333
565,TE,Ko Kieft (35786490),Ko Kieft,35786490,TE/FLEX,2500,TB@DET 09/15/2024 01:00PM ET,TB,0.4,324.0,,,,,1750.0,,,,,,,0.3428571428571428,,,0.3428571428571428,0.3428571428571428
566,TE,Devin Culp (35786492),Devin Culp,35786492,TE/FLEX,2500,TB@DET 09/15/2024 01:00PM ET,TB,0.0,328.0,,,,,1800.0,,,,,,,0.3333333333333333,,,0.3333333333333333,0.3333333333333333
569,TE,Parker Hesse (35786498),Parker Hesse,35786498,TE/FLEX,2500,TB@DET 09/15/2024 01:00PM ET,DET,0.0,268.0,,,,,1600.0,,,,,,,0.375,,,0.375,0.375
570,TE,James Mitchell (35786500),James Mitchell,35786500,TE/FLEX,2500,TB@DET 09/15/2024 01:00PM ET,DET,0.32,264.0,,,,,2000.0,,,,,,,0.3,,,0.3,0.3
572,DST,Buccaneers  (35786577),Buccaneers ,35786577,DST,2500,TB@DET 09/15/2024 01:00PM ET,TB,7.63,,,,,,,,,,,,,,,,9.054241585215332,9.054241585215332
573,TE,Jelani Woods (35786384),Jelani Woods,35786384,TE/FLEX,2500,IND@GB 09/15/2024 01:00PM ET,IND,0.0,416.0,,,,,600.0,,,,,,,1.0,,,1.0,1.0
574,TE,Mo Alie-Cox (35786476),Mo Alie-Cox,35786476,TE/FLEX,2500,IND@GB 09/15/2024 01:00PM ET,IND,2.89,346.0,,,,,850.0,,,,,,,0.7058823529411764,,,0.7058823529411764,0.7058823529411764
575,TE,Drew Ogletree (35786478),Drew Ogletree,35786478,TE/FLEX,2500,IND@GB 09/15/2024 01:00PM ET,IND,2.98,361.0,,,,,1200.0,,,,,,,0.5,,,0.5,0.5
576,TE,Will Mallory (35786480),Will Mallory,35786480,TE/FLEX,2500,IND@GB 09/15/2024 01:00PM ET,IND,3.22,395.0,,,,,2200.0,,,,,,,0.2727272727272727,,,0.2727272727272727,0.2727272727272727
580,TE,Luke Farrell (35786466),Luke Farrell,35786466,TE/FLEX,2500,CLE@JAX 09/15/2024 01:00PM ET,JAX,1.68,352.0,,,,,1300.0,,,,,,,0.4615384615384615,,,0.4615384615384615,0.4615384615384615
581,TE,Brenton Strange (35786468),Brenton Strange,35786468,TE/FLEX,2500,CLE@JAX 09/15/2024 01:00PM ET,JAX,1.04,398.0,,,,,2200.0,,,,,,,0.2727272727272727,,,0.2727272727272727,0.2727272727272727
586,TE,Brayden Willis (35786456),Brayden Willis,35786456,TE/FLEX,2500,SF@MIN 09/15/2024 01:00PM ET,SF,0.0,387.0,,,,,2200.0,,,,,,,0.2727272727272727,,,0.2727272727272727,0.2727272727272727
588,TE,Nick Muse (35786460),Nick Muse,35786460,TE/FLEX,2500,SF@MIN 09/15/2024 01:00PM ET,MIN,1.6,408.0,,,,,2800.0,,,,,,,0.2142857142857142,,,0.2142857142857142,0.2142857142857142
591,TE,Pharaoh Brown (35786444),Pharaoh Brown,35786444,TE/FLEX,2500,SEA@NE 09/15/2024 01:00PM ET,SEA,2.28,228.0,,,,,1000.0,,,,,,,0.6000000000000001,,,0.6000000000000001,0.6000000000000001
592,TE,Brady Russell (35786446),Brady Russell,35786446,TE/FLEX,2500,SEA@NE 09/15/2024 01:00PM ET,SEA,0.0,178.0,,,,,3000.0,,,,,,,0.2,,,0.2,0.2
593,TE,AJ Barner (35786448),AJ Barner,35786448,TE/FLEX,2500,SEA@NE 09/15/2024 01:00PM ET,SEA,0.0,187.0,,,,,2200.0,,,,,,,0.2727272727272727,,,0.2727272727272727,0.2727272727272727
599,TE,Josh Whyle (35786436),Josh Whyle,35786436,TE/FLEX,2500,NYJ@TEN 09/15/2024 01:00PM ET,TEN,2.22,360.0,,,,,1200.0,,,,,,,0.5,,,0.5,0.5
600,TE,Nick Vannett (35786438),Nick Vannett,35786438,TE/FLEX,2500,NYJ@TEN 09/15/2024 01:00PM ET,TEN,0.16,410.0,,,,,2800.0,,,,,,,0.2142857142857142,,,0.2142857142857142,0.2142857142857142
601,TE,Thomas Odukoya (35786440),Thomas Odukoya,35786440,TE/FLEX,2500,NYJ@TEN 09/15/2024 01:00PM ET,TEN,0.0,376.0,,,,,1700.0,,,,,,,0.3529411764705882,,,0.3529411764705882,0.3529411764705882
602,TE,David Martin-Robinson (35786442),David Martin-Robinson,35786442,TE/FLEX,2500,NYJ@TEN 09/15/2024 01:00PM ET,TEN,0.0,394.0,,,,,2200.0,,,,,,,0.2727272727272727,,,0.2727272727272727,0.2727272727272727
603,TE,John Bates (35786420),John Bates,35786420,TE/FLEX,2500,NYG@WAS 09/15/2024 01:00PM ET,WAS,2.01,294.0,,,,,2500.0,,,,,,,0.24,,,0.24,0.24
604,TE,Colson Yankoff (35786422),Colson Yankoff,35786422,TE/FLEX,2500,NYG@WAS 09/15/2024 01:00PM ET,WAS,0.0,326.0,,,,,2500.0,,,,,,,0.24,,,0.24,0.24
607,TE,Chris Manhertz (35786428),Chris Manhertz,35786428,TE/FLEX,2500,NYG@WAS 09/15/2024 01:00PM ET,NYG,0.22,401.0,,,,,2500.0,,,,,,,0.24,,,0.24,0.24
614,TE,Hunter Long (35786414),Hunter Long,35786414,TE/FLEX,2500,LAR@ARI 09/15/2024 04:05PM ET,LAR,0.0,269.0,,,,,1600.0,,,,,,,0.375,,,0.375,0.375
617,TE,Lucas Krull (35786390),Lucas Krull,35786390,TE/FLEX,2500,PIT@DEN 09/15/2024 04:25PM ET,DEN,3.36,211.0,,,,,1400.0,,,,,,,0.4285714285714285,,,0.4285714285714285,0.4285714285714285
624,TE,Nate Adkins (35786404),Nate Adkins,35786404,TE/FLEX,2500,PIT@DEN 09/15/2024 04:25PM ET,DEN,0.62,179.0,,,,,4000.0,,,,,,,0.15,,,0.15,0.15
625,DST,Saints  (35786578),Saints ,35786578,DST,2400,NO@DAL 09/15/2024 01:00PM ET,NO,8.41,,,,,,,,,,,,,,,,10.66727824665577,10.66727824665577
626,DST,Vikings  (35786579),Vikings ,35786579,DST,2400,SF@MIN 09/15/2024 01:00PM ET,MIN,7.35,,,,,,,,,,,,,,,,1.725823131067152,1.725823131067152
627,DST,Panthers  (35786580),Panthers ,35786580,DST,2300,LAC@CAR 09/15/2024 01:00PM ET,CAR,4.18,,,,,,,,,,,,,,,,7.490375954898754,7.490375954898754
628,DST,Cardinals  (35786581),Cardinals ,35786581,DST,2300,LAR@ARI 09/15/2024 04:05PM ET,ARI,3.82,,,,,,,,,,,,,,,,3.3215798779063945,3.3215798779063945
