index,Position,Name + ID,ID,Roster Position,Salary,Game Info,TeamAbbrev,AvgPointsPerGame,Unnamed: 0,DFS Total,Value
2.0,RB,Austin Ekeler (28792271),28792271.0,RB/FLEX,8400,MIA@LAC 09/10/2023 04:25PM ET,LAC,22.22,61.0,21.700000000000003,0.0025833333333333337
0.0,WR,Justin Jefferson (28792603),28792603.0,WR/FLEX,8800,TB@MIN 09/10/2023 01:00PM ET,MIN,22.79,106.0,21.064285714285717,0.0023936688311688315
6.0,WR,Ja'Marr Chase (28792609),28792609.0,WR/FLEX,8100,CIN@CLE 09/10/2023 01:00PM ET,CIN,20.71,109.0,19.764285714285712,0.0024400352733686065
1.0,RB,Christian McCaffrey (28792269),28792269.0,RB/FLEX,8700,SF@PIT 09/10/2023 01:00PM ET,SF,21.71,55.0,19.3,0.002218390804597701
4.0,RB,Nick Chubb (28792273),28792273.0,RB/FLEX,8200,CIN@CLE 09/10/2023 01:00PM ET,CLE,17.85,37.0,19.0,0.002317073170731707
5.0,WR,Tyreek Hill (28792607),28792607.0,WR/FLEX,8200,MIA@LAC 09/10/2023 04:25PM ET,MIA,21.37,107.0,18.835714285714285,0.0022970383275261325
11.0,RB,Derrick Henry (28792279),28792279.0,RB/FLEX,7800,TEN@NO 09/10/2023 01:00PM ET,TEN,20.8,36.0,18.68,0.002394871794871795
16.0,WR,Keenan Allen (28792615),28792615.0,WR/FLEX,7300,MIA@LAC 09/10/2023 04:25PM ET,LAC,16.64,116.0,17.435714285714287,0.002388454011741683
10.0,WR,Davante Adams (28792611),28792611.0,WR/FLEX,7900,LV@DEN 09/10/2023 04:25PM ET,LV,21.15,110.0,16.935714285714287,0.0021437613019891504
34.0,RB,Alexander Mattison (28792293),28792293.0,RB/FLEX,6500,TB@MIN 09/10/2023 01:00PM ET,MIN,4.98,42.0,16.5,0.0025384615384615385
25.0,RB,Joe Mixon (28792287),28792287.0,RB/FLEX,6800,CIN@CLE 09/10/2023 01:00PM ET,CIN,16.52,53.0,16.454545454545453,0.002419786096256684
14.0,RB,Josh Jacobs (28792281),28792281.0,RB/FLEX,7700,LV@DEN 09/10/2023 04:25PM ET,LV,20.43,38.0,16.0,0.002077922077922078
15.0,WR,A.J. Brown (28792613),28792613.0,WR/FLEX,7600,PHI@NE 09/10/2023 04:25PM ET,PHI,17.51,112.0,15.694444444444445,0.002065058479532164
49.0,RB,Kenneth Walker III (28792303),28792303.0,RB/FLEX,6000,LAR@SEA 09/10/2023 04:25PM ET,SEA,14.44,41.0,15.48,0.0025800000000000003
20.0,RB,Rhamondre Stevenson (28792283),28792283.0,RB/FLEX,7000,PHI@NE 09/10/2023 04:25PM ET,NE,15.06,48.0,15.085714285714284,0.0021551020408163263
21.0,WR,DK Metcalf (28792621),28792621.0,WR/FLEX,7000,LAR@SEA 09/10/2023 04:25PM ET,SEA,15.19,119.0,14.92956204379562,0.0021327945776850885
40.0,RB,Aaron Jones (28792297),28792297.0,RB/FLEX,6300,GB@CHI 09/10/2023 04:25PM ET,GB,15.68,52.0,14.785714285714285,0.002346938775510204
19.0,WR,Jaylen Waddle (28792619),28792619.0,WR/FLEX,7100,MIA@LAC 09/10/2023 04:25PM ET,MIA,15.91,91.0,14.536363636363635,0.0020473751600512164
35.0,WR,Chris Olave (28792631),28792631.0,WR/FLEX,6500,TEN@NO 09/10/2023 01:00PM ET,NO,13.95,115.0,14.483333333333334,0.0022282051282051284
43.0,RB,Cam Akers (28792299),28792299.0,RB/FLEX,6200,LAR@SEA 09/10/2023 04:25PM ET,LAR,10.15,45.0,14.385714285714286,0.0023202764976958524
33.0,WR,Calvin Ridley (28792633),28792633.0,WR/FLEX,6500,JAX@IND 09/10/2023 01:00PM ET,JAX,0.0,118.0,14.253703703703705,0.002192877492877493
58.0,WR,Mike Williams (28792649),28792649.0,WR/FLEX,5700,MIA@LAC 09/10/2023 04:25PM ET,LAC,14.5,120.0,14.1,0.002473684210526316
17.0,WR,DeVonta Smith (28792617),28792617.0,WR/FLEX,7200,PHI@NE 09/10/2023 04:25PM ET,PHI,15.72,117.0,13.55,0.0018819444444444445
29.0,WR,Tyler Lockett (28792627),28792627.0,WR/FLEX,6700,LAR@SEA 09/10/2023 04:25PM ET,SEA,15.19,125.0,13.47857142857143,0.002011727078891258
26.0,WR,Tee Higgins (28792625),28792625.0,WR/FLEX,6800,CIN@CLE 09/10/2023 01:00PM ET,CIN,14.14,123.0,13.47857142857143,0.0019821428571428572
71.0,RB,Raheem Mostert (28792315),28792315.0,RB/FLEX,5400,MIA@LAC 09/10/2023 04:25PM ET,MIA,10.96,44.0,13.4,0.0024814814814814816
54.0,WR,Amari Cooper (28792647),28792647.0,WR/FLEX,5800,CIN@CLE 09/10/2023 01:00PM ET,CLE,15.41,122.0,13.378571428571428,0.0023066502463054187
41.0,TE,Mark Andrews (28793249),28793249.0,TE/FLEX,6200,HOU@BAL 09/10/2023 01:00PM ET,BAL,13.24,137.0,13.28793103448276,0.00214321468298109
37.0,WR,Terry McLaurin (28792635),28792635.0,WR/FLEX,6400,ARI@WAS 09/10/2023 01:00PM ET,WAS,14.18,89.0,13.233333333333334,0.0020677083333333333
30.0,RB,J.K. Dobbins (28792291),28792291.0,RB/FLEX,6600,HOU@BAL 09/10/2023 01:00PM ET,BAL,11.97,46.0,13.2,0.002
23.0,WR,DeAndre Hopkins (28792623),28792623.0,WR/FLEX,6900,TEN@NO 09/10/2023 01:00PM ET,TEN,17.63,124.0,13.05,0.001891304347826087
62.0,WR,Christian Kirk (28792651),28792651.0,WR/FLEX,5600,JAX@IND 09/10/2023 01:00PM ET,JAX,15.46,131.0,12.979411764705882,0.002317752100840336
87.0,RB,Jamaal Williams (28792333),28792333.0,RB/FLEX,5100,TEN@NO 09/10/2023 01:00PM ET,NO,13.76,47.0,12.754545454545454,0.002500891265597148
50.0,WR,Chris Godwin (28792645),28792645.0,WR/FLEX,5900,TB@MIN 09/10/2023 01:00PM ET,TB,15.58,126.0,12.716666666666669,0.0021553672316384186
68.0,WR,Drake London (28792655),28792655.0,WR/FLEX,5400,CAR@ATL 09/10/2023 01:00PM ET,ATL,10.86,129.0,12.55,0.0023240740740740743
22.0,RB,Travis Etienne Jr. (28792285),28792285.0,RB/FLEX,6900,JAX@IND 09/10/2023 01:00PM ET,JAX,13.48,50.0,12.43793103448276,0.0018025987006496755
51.0,TE,T.J. Hockenson (28793251),28793251.0,TE/FLEX,5900,TB@MIN 09/10/2023 01:00PM ET,MIN,13.79,132.0,12.383333333333336,0.0020988700564971755
65.0,WR,Deebo Samuel (28792653),28792653.0,WR/FLEX,5500,SF@PIT 09/10/2023 01:00PM ET,SF,13.68,127.0,12.37682926829268,0.0022503325942350326
64.0,RB,Rachaad White (28792313),28792313.0,RB/FLEX,5500,TB@MIN 09/10/2023 01:00PM ET,TB,8.71,63.0,12.329411764705885,0.0022417112299465245
7.0,RB,Bijan Robinson (28792275),28792275.0,RB/FLEX,8000,CAR@ATL 09/10/2023 01:00PM ET,ATL,0.0,40.0,12.034745762711864,0.001504343220338983
44.0,RB,Najee Harris (28792301),28792301.0,RB/FLEX,6100,SF@PIT 09/10/2023 01:00PM ET,PIT,13.44,59.0,12.015384615384615,0.001969735182849937
39.0,WR,Mike Evans (28792637),28792637.0,WR/FLEX,6300,TB@MIN 09/10/2023 01:00PM ET,TB,15.61,121.0,12.007894736842108,0.0019060150375939853
53.0,RB,Dameon Pierce (28792305),28792305.0,RB/FLEX,5800,HOU@BAL 09/10/2023 01:00PM ET,HOU,13.42,56.0,11.966666666666669,0.0020632183908045982
42.0,WR,Michael Pittman Jr. (28792639),28792639.0,WR/FLEX,6200,JAX@IND 09/10/2023 01:00PM ET,IND,13.97,134.0,11.95,0.0019274193548387095
124.0,TE,Tyler Higbee (28793257),28793257.0,TE/FLEX,4800,LAR@SEA 09/10/2023 04:25PM ET,LAR,8.94,141.0,11.95,0.0024895833333333332
45.0,WR,DJ Moore (28792641),28792641.0,WR/FLEX,6100,GB@CHI 09/10/2023 04:25PM ET,CHI,12.24,135.0,11.77857142857143,0.0019309133489461361
75.0,WR,Diontae Johnson (28792657),28792657.0,WR/FLEX,5300,SF@PIT 09/10/2023 01:00PM ET,PIT,10.63,128.0,11.61896551724138,0.0021922576447625246
31.0,WR,Jerry Jeudy (28792629),28792629.0,WR/FLEX,6600,LV@DEN 09/10/2023 04:25PM ET,DEN,14.21,86.0,11.133333333333333,0.0016868686868686867
121.0,WR,JuJu Smith-Schuster (28792683),28792683.0,WR/FLEX,4800,PHI@NE 09/10/2023 04:25PM ET,NE,11.17,146.0,10.814150943396228,0.0022529481132075478
108.0,WR,Brandon Aiyuk (28792681),28792681.0,WR/FLEX,4900,SF@PIT 09/10/2023 01:00PM ET,SF,12.44,138.0,10.65,0.0021734693877551023
135.0,WR,Van Jefferson (28792687),28792687.0,WR/FLEX,4700,LAR@SEA 09/10/2023 04:25PM ET,LAR,7.17,143.0,10.258695652173913,0.002182701202590194
81.0,RB,Antonio Gibson (28792327),28792327.0,RB/FLEX,5200,ARI@WAS 09/10/2023 01:00PM ET,WAS,11.06,70.0,10.257142857142856,0.0019725274725274724
100.0,WR,Jahan Dotson (28792669),28792669.0,WR/FLEX,5000,ARI@WAS 09/10/2023 01:00PM ET,WAS,11.13,144.0,10.15,0.00203
86.0,WR,Jordan Addison (28792667),28792667.0,WR/FLEX,5100,TB@MIN 09/10/2023 01:00PM ET,MIN,0.0,151.0,9.857692307692307,0.0019328808446455504
99.0,WR,George Pickens (28792671),28792671.0,WR/FLEX,5000,SF@PIT 09/10/2023 01:00PM ET,PIT,9.97,147.0,9.857692307692307,0.0019715384615384616
89.0,RB,Brian Robinson Jr. (28792331),28792331.0,RB/FLEX,5100,ARI@WAS 09/10/2023 01:00PM ET,WAS,9.64,51.0,9.85,0.0019313725490196078
153.0,TE,Kyle Pitts (28793263),28793263.0,TE/FLEX,4500,CAR@ATL 09/10/2023 01:00PM ET,ATL,7.56,158.0,9.758695652173913,0.002168599033816425
88.0,WR,Michael Thomas (28792665),28792665.0,WR/FLEX,5100,TEN@NO 09/10/2023 01:00PM ET,NO,17.03,152.0,9.692857142857145,0.0019005602240896363
103.0,TE,Dallas Goedert (28793255),28793255.0,TE/FLEX,5000,PHI@NE 09/10/2023 04:25PM ET,PHI,12.09,150.0,9.672222222222222,0.0019344444444444446
83.0,RB,AJ Dillon (28792325),28792325.0,RB/FLEX,5200,GB@CHI 09/10/2023 04:25PM ET,GB,9.86,66.0,9.657894736842106,0.0018572874493927127
129.0,TE,Evan Engram (28793259),28793259.0,TE/FLEX,4700,JAX@IND 09/10/2023 01:00PM ET,JAX,11.23,155.0,9.657692307692308,0.0020548281505728314
57.0,RB,Javonte Williams (28792307),28792307.0,RB/FLEX,5700,LV@DEN 09/10/2023 04:25PM ET,DEN,10.75,62.0,9.35,0.0016403508771929824
36.0,RB,James Conner (28792295),28792295.0,RB/FLEX,6400,ARI@WAS 09/10/2023 01:00PM ET,ARI,15.71,49.0,9.279411764705882,0.001449908088235294
127.0,WR,Nico Collins (28792689),28792689.0,WR/FLEX,4700,HOU@BAL 09/10/2023 01:00PM ET,HOU,9.71,148.0,9.264285714285714,0.0019711246200607904
60.0,RB,Miles Sanders (28792309),28792309.0,RB/FLEX,5600,CAR@ATL 09/10/2023 01:00PM ET,CAR,12.79,54.0,9.253703703703705,0.0016524470899470902
186.0,RB,Deon Jackson (28792411),28792411.0,RB/FLEX,4100,JAX@IND 09/10/2023 01:00PM ET,IND,5.34,64.0,9.1,0.002219512195121951
162.0,WR,Romeo Doubs (28792703),28792703.0,WR/FLEX,4400,GB@CHI 09/10/2023 04:25PM ET,GB,7.89,97.0,9.1,0.002068181818181818
155.0,WR,Zay Jones (28792697),28792697.0,WR/FLEX,4500,JAX@IND 09/10/2023 01:00PM ET,JAX,13.27,165.0,9.072222222222225,0.00201604938271605
187.0,TE,Pat Freiermuth (28793271),28793271.0,TE/FLEX,4100,SF@PIT 09/10/2023 01:00PM ET,PIT,9.26,160.0,9.05,0.002207317073170732
120.0,WR,Jakobi Meyers (28792685),28792685.0,WR/FLEX,4800,LV@DEN 09/10/2023 04:25PM ET,LV,13.24,153.0,9.014705882352942,0.0018780637254901963
224.0,WR,Zay Flowers (28792719),28792719.0,WR/FLEX,4000,HOU@BAL 09/10/2023 01:00PM ET,BAL,0.0,156.0,8.958695652173912,0.002239673913043478
172.0,TE,Gerald Everett (28793267),28793267.0,TE/FLEX,4300,MIA@LAC 09/10/2023 04:25PM ET,LAC,9.73,177.0,8.950000000000001,0.0020813953488372098
97.0,WR,Treylon Burks (28792673),28792673.0,WR/FLEX,5000,TEN@NO 09/10/2023 01:00PM ET,TEN,8.83,157.0,8.868181818181819,0.0017736363636363637
175.0,TE,David Njoku (28793269),28793269.0,TE/FLEX,4200,CIN@CLE 09/10/2023 01:00PM ET,CLE,10.21,167.0,8.85,0.002107142857142857
185.0,WR,Tyler Boyd (28792715),28792715.0,WR/FLEX,4100,CIN@CLE 09/10/2023 01:00PM ET,CIN,9.9,171.0,8.425,0.002054878048780488
72.0,RB,D'Andre Swift (28792317),28792317.0,RB/FLEX,5400,PHI@NE 09/10/2023 04:25PM ET,PHI,13.86,69.0,8.408695652173915,0.001557165861513688
141.0,TE,Dalton Schultz (28793261),28793261.0,TE/FLEX,4600,HOU@BAL 09/10/2023 01:00PM ET,HOU,10.94,168.0,8.368181818181819,0.0018191699604743084
76.0,RB,Khalil Herbert (28792323),28792323.0,RB/FLEX,5300,GB@CHI 09/10/2023 04:25PM ET,CHI,9.29,60.0,8.3,0.0015660377358490568
94.0,WR,Odell Beckham Jr. (28792675),28792675.0,WR/FLEX,5000,HOU@BAL 09/10/2023 01:00PM ET,BAL,0.0,161.0,8.272222222222222,0.0016544444444444445
112.0,WR,Jaxon Smith-Njigba (28792679),28792679.0,WR/FLEX,4900,LAR@SEA 09/10/2023 04:25PM ET,SEA,0.0,90.0,8.2,0.0016734693877551018
84.0,WR,Courtland Sutton (28792661),28792661.0,WR/FLEX,5200,LV@DEN 09/10/2023 04:25PM ET,DEN,10.83,136.0,8.183333333333334,0.0015737179487179487
73.0,WR,Rashod Bateman (28792659),28792659.0,WR/FLEX,5300,HOU@BAL 09/10/2023 01:00PM ET,BAL,9.58,166.0,8.031818181818181,0.0015154373927958832
381.0,TE,Hunter Henry (28793283),28793283.0,TE/FLEX,3500,PHI@NE 09/10/2023 04:25PM ET,NE,6.11,175.0,7.6722222222222225,0.002192063492063492
367.0,WR,Elijah Moore (28792727),28792727.0,WR/FLEX,3800,CIN@CLE 09/10/2023 01:00PM ET,CLE,5.51,174.0,7.425000000000001,0.001953947368421053
168.0,WR,Donovan Peoples-Jones (28792707),28792707.0,WR/FLEX,4300,CIN@CLE 09/10/2023 01:00PM ET,CLE,10.06,162.0,7.361764705882352,0.0017120383036935702
170.0,WR,K.J. Osborn (28792705),28792705.0,WR/FLEX,4300,TB@MIN 09/10/2023 01:00PM ET,MIN,9.53,187.0,7.25,0.001686046511627907
340.0,WR,Joshua Palmer (28792717),28792717.0,WR/FLEX,4000,MIA@LAC 09/10/2023 04:25PM ET,LAC,10.61,183.0,7.214705882352941,0.0018036764705882354
371.0,WR,Rashid Shaheed (28792731),28792731.0,WR/FLEX,3700,TEN@NO 09/10/2023 01:00PM ET,NO,8.38,163.0,7.15,0.0019324324324324325
163.0,TE,Cole Kmet (28793265),28793265.0,TE/FLEX,4400,GB@CHI 09/10/2023 04:25PM ET,CHI,8.66,169.0,7.125,0.0016193181818181818
366.0,TE,Juwan Johnson (28793275),28793275.0,TE/FLEX,3900,TEN@NO 09/10/2023 01:00PM ET,NO,8.42,185.0,7.014705882352941,0.0017986425339366517
158.0,WR,Darnell Mooney (28792695),28792695.0,WR/FLEX,4500,GB@CHI 09/10/2023 04:25PM ET,CHI,8.46,180.0,6.8617647058823525,0.0015248366013071895
368.0,WR,Alec Pierce (28792725),28792725.0,WR/FLEX,3800,JAX@IND 09/10/2023 01:00PM ET,IND,7.02,178.0,6.813157894736843,0.001792936288088643
148.0,WR,Hunter Renfrow (28792691),28792691.0,WR/FLEX,4600,LV@DEN 09/10/2023 04:25PM ET,LV,8.0,182.0,6.683333333333333,0.0014528985507246375
388.0,TE,Cade Otton (28793287),28793287.0,TE/FLEX,3300,TB@MIN 09/10/2023 01:00PM ET,TB,6.05,195.0,6.664285714285715,0.0020194805194805195
122.0,RB,Zach Charbonnet (28792351),28792351.0,RB/FLEX,4800,LAR@SEA 09/10/2023 04:25PM ET,SEA,0.0,74.0,6.5,0.0013541666666666667
95.0,WR,Robert Woods (28792677),28792677.0,WR/FLEX,5000,HOU@BAL 09/10/2023 01:00PM ET,HOU,6.86,186.0,6.461764705882354,0.0012923529411764708
56.0,TE,George Kittle (28793253),28793253.0,TE/FLEX,5700,SF@PIT 09/10/2023 01:00PM ET,SF,12.96,149.0,6.357692307692307,0.0011153846153846153
413.0,TE,Noah Fant (28793295),28793295.0,TE/FLEX,3100,LAR@SEA 09/10/2023 04:25PM ET,SEA,6.93,194.0,6.261764705882353,0.002019924098671727
93.0,RB,Cordarrelle Patterson (28792343),28792343.0,RB/FLEX,5000,CAR@ATL 09/10/2023 01:00PM ET,ATL,12.44,76.0,6.214285714285714,0.001242857142857143
384.0,TE,Zach Ertz (28793285),28793285.0,TE/FLEX,3400,ARI@WAS 09/10/2023 01:00PM ET,ARI,11.56,193.0,6.040909090909091,0.0017767379679144385
181.0,WR,Curtis Samuel (28792709),28792709.0,WR/FLEX,4200,ARI@WAS 09/10/2023 01:00PM ET,WAS,10.43,198.0,5.883333333333334,0.001400793650793651
48.0,WR,Christian Watson (28792643),28792643.0,WR/FLEX,6000,GB@CHI 09/10/2023 04:25PM ET,GB,12.36,130.0,5.858695652173913,0.0009764492753623189
401.0,TE,Logan Thomas (28793289),28793289.0,TE/FLEX,3200,ARI@WAS 09/10/2023 01:00PM ET,WAS,5.52,205.0,5.313157894736841,0.0016603618421052629
613.0,TE,Austin Hooper (28793301),28793301.0,TE/FLEX,3000,LV@DEN 09/10/2023 04:25PM ET,LV,5.73,211.0,5.240909090909091,0.0017469696969696971
146.0,RB,Jaylen Warren (28792367),28792367.0,RB/FLEX,4600,SF@PIT 09/10/2023 01:00PM ET,PIT,5.83,75.0,5.066666666666667,0.0011014492753623189
154.0,RB,Gus Edwards (28792379),28792379.0,RB/FLEX,4500,HOU@BAL 09/10/2023 01:00PM ET,BAL,6.65,71.0,5.01896551724138,0.0011153256704980845
107.0,RB,Tyjae Spears (28792349),28792349.0,RB/FLEX,4900,TEN@NO 09/10/2023 01:00PM ET,TEN,0.0,78.0,4.75,0.0009693877551020408
676.0,TE,Luke Musgrave (28793311),28793311.0,TE/FLEX,2900,GB@CHI 09/10/2023 04:25PM ET,GB,0.0,189.0,4.685483870967742,0.0016156840934371524
400.0,WR,Nick Westbrook-Ikhine (28792759),28792759.0,WR/FLEX,3200,TEN@NO 09/10/2023 01:00PM ET,TEN,5.04,203.0,4.473076923076923,0.0013978365384615386
682.0,TE,Durham Smythe (28793315),28793315.0,TE/FLEX,2800,MIA@LAC 09/10/2023 04:25PM ET,MIA,2.53,218.0,4.35,0.0015535714285714285
3.0,WR,Cooper Kupp (28792605),28792605.0,WR/FLEX,8400,LAR@SEA 09/10/2023 04:25PM ET,LAR,24.16,233.0,4.0,0.0004761904761904762
98.0,RB,Elijah Mitchell (28792337),28792337.0,RB/FLEX,5000,SF@PIT 09/10/2023 01:00PM ET,SF,8.49,73.0,3.9884615384615385,0.0007976923076923077
385.0,WR,Chase Claypool (28792743),28792743.0,WR/FLEX,3400,GB@CHI 09/10/2023 04:25PM ET,CHI,7.07,213.0,3.973076923076923,0.0011685520361990952
694.0,TE,Will Dissly (28793325),28793325.0,TE/FLEX,2600,LAR@SEA 09/10/2023 04:25PM ET,SEA,5.79,215.0,3.873076923076924,0.0014896449704142015
372.0,TE,Taysom Hill (28793279),28793279.0,TE/FLEX,3700,TEN@NO 09/10/2023 01:00PM ET,NO,9.3,81.0,3.6681818181818175,0.0009914004914004912
92.0,RB,Chuba Hubbard (28792341),28792341.0,RB/FLEX,5000,CAR@ATL 09/10/2023 01:00PM ET,CAR,6.11,72.0,3.640909090909091,0.0007281818181818182
364.0,WR,Mack Hollins (28792723),28792723.0,WR/FLEX,3900,CAR@ATL 09/10/2023 01:00PM ET,ATL,9.24,196.0,3.5500000000000003,0.0009102564102564104
183.0,RB,Kenneth Gainwell (28792391),28792391.0,RB/FLEX,4200,PHI@NE 09/10/2023 04:25PM ET,PHI,6.38,80.0,3.4642857142857144,0.0008248299319727891
402.0,TE,Mike Gesicki (28793293),28793293.0,TE/FLEX,3200,PHI@NE 09/10/2023 04:25PM ET,NE,5.98,216.0,3.2518018018018022,0.0010161880630630631
90.0,RB,Samaje Perine (28792329),28792329.0,RB/FLEX,5100,LV@DEN 09/10/2023 04:25PM ET,DEN,8.86,232.0,3.2085561497326207,0.0006291286568103178
66.0,RB,D'Onta Foreman (28792311),28792311.0,RB/FLEX,5500,GB@CHI 09/10/2023 04:25PM ET,CHI,8.59,77.0,3.113157894736842,0.0005660287081339713
126.0,RB,Devin Singletary (28792361),28792361.0,RB/FLEX,4700,HOU@BAL 09/10/2023 01:00PM ET,HOU,11.11,79.0,2.940909090909091,0.0006257253384912959
403.0,WR,Ben Skowronek (28792755),28792755.0,WR/FLEX,3200,LAR@SEA 09/10/2023 04:25PM ET,LAR,6.02,224.0,2.9166666666666665,0.0009114583333333332
143.0,RB,Ty Chandler (28792369),28792369.0,RB/FLEX,4600,TB@MIN 09/10/2023 01:00PM ET,MIN,0.67,82.0,2.8500000000000005,0.0006195652173913045
675.0,TE,Kylen Granson (28793309),28793309.0,TE/FLEX,2900,JAX@IND 09/10/2023 01:00PM ET,IND,4.71,207.0,2.773076923076923,0.0009562334217506631
138.0,WR,Adam Thielen (28792693),28792693.0,WR/FLEX,4600,CAR@ATL 09/10/2023 01:00PM ET,CAR,10.44,242.0,2.5,0.0005434782608695652
408.0,WR,Josh Downs (28792771),28792771.0,WR/FLEX,3100,JAX@IND 09/10/2023 01:00PM ET,IND,0.0,210.0,2.5,0.0008064516129032258
389.0,WR,Jauan Jennings (28792753),28792753.0,WR/FLEX,3300,SF@PIT 09/10/2023 01:00PM ET,SF,4.91,212.0,2.45,0.0007424242424242425
326.0,TE,Greg Dulcich (28793273),28793273.0,TE/FLEX,4000,LV@DEN 09/10/2023 04:25PM ET,DEN,8.61,243.0,2.307692307692308,0.000576923076923077
387.0,WR,Quez Watkins (28792739),28792739.0,WR/FLEX,3400,PHI@NE 09/10/2023 04:25PM ET,PHI,4.36,230.0,2.3,0.0006764705882352941
464.0,TE,Isaiah Likely (28793303),28793303.0,TE/FLEX,3000,HOU@BAL 09/10/2023 01:00PM ET,BAL,5.55,244.0,2.1818181818181817,0.0007272727272727272
85.0,RB,Ezekiel Elliott (29012892),29012892.0,RB/FLEX,5200,PHI@NE 09/10/2023 04:25PM ET,NE,11.51,238.0,2.1052631578947367,0.0004048582995951417
96.0,RB,Tank Bigsby (28792339),28792339.0,RB/FLEX,5000,JAX@IND 09/10/2023 01:00PM ET,JAX,0.0,246.0,2.0689655172413794,0.0004137931034482759
394.0,WR,Jonathan Mingo (28792765),28792765.0,WR/FLEX,3200,CAR@ATL 09/10/2023 01:00PM ET,CAR,0.0,237.0,2.0,0.000625
189.0,WR,DeVante Parker (28792713),28792713.0,WR/FLEX,4100,PHI@NE 09/10/2023 04:25PM ET,NE,8.15,250.0,1.875,0.00045731707317073173
67.0,RB,Tyler Allgeier (28792319),28792319.0,RB/FLEX,5400,CAR@ATL 09/10/2023 01:00PM ET,ATL,10.34,234.0,1.8461538461538465,0.00034188034188034193
399.0,WR,Tre'Quan Smith (28792757),28792757.0,WR/FLEX,3200,TEN@NO 09/10/2023 01:00PM ET,NO,3.72,101.0,1.7285714285714286,0.0005401785714285714
111.0,RB,De'Von Achane (28792347),28792347.0,RB/FLEX,4900,MIA@LAC 09/10/2023 04:25PM ET,MIA,0.0,241.0,1.6666666666666667,0.00034013605442176874
82.0,WR,Marquise Brown (28792663),28792663.0,WR/FLEX,5200,ARI@WAS 09/10/2023 01:00PM ET,ARI,13.25,247.0,1.6666666666666667,0.0003205128205128205
685.0,TE,Foster Moreau (28793321),28793321.0,TE/FLEX,2700,TEN@NO 09/10/2023 01:00PM ET,NO,5.75,225.0,1.65,0.0006111111111111111
178.0,RB,Zack Moss (28792401),28792401.0,RB/FLEX,4200,JAX@IND 09/10/2023 01:00PM ET,IND,5.27,254.0,1.6,0.00038095238095238096
102.0,RB,Rashaad Penny (28792335),28792335.0,RB/FLEX,5000,PHI@NE 09/10/2023 04:25PM ET,PHI,11.04,245.0,1.5789473684210529,0.0003157894736842106
164.0,WR,Quentin Johnston (28792701),28792701.0,WR/FLEX,4400,MIA@LAC 09/10/2023 04:25PM ET,LAC,0.0,255.0,1.5789473684210529,0.0003588516746411484
110.0,RB,Joshua Kelley (28792345),28792345.0,RB/FLEX,4900,MIA@LAC 09/10/2023 04:25PM ET,LAC,4.9,262.0,1.4634146341463414,0.0002986560477849676
169.0,RB,Sean Tucker (28792387),28792387.0,RB/FLEX,4300,TB@MIN 09/10/2023 01:00PM ET,TB,0.0,267.0,1.4634146341463414,0.00034032898468519567
443.0,TE,Hayden Hurst (28793305),28793305.0,TE/FLEX,3000,CAR@ATL 09/10/2023 01:00PM ET,CAR,8.59,251.0,1.3333333333333333,0.0004444444444444444
392.0,WR,Kendrick Bourne (28792747),28792747.0,WR/FLEX,3300,PHI@NE 09/10/2023 04:25PM ET,NE,5.71,249.0,1.3333333333333333,0.00040404040404040404
191.0,RB,Kyren Williams (28792407),28792407.0,RB/FLEX,4100,LAR@SEA 09/10/2023 04:25PM ET,LAR,3.05,266.0,1.3333333333333333,0.0003252032520325203
396.0,WR,Cedric Tillman (28792763),28792763.0,WR/FLEX,3200,CIN@CLE 09/10/2023 01:00PM ET,CLE,0.0,95.0,1.2666666666666666,0.0003958333333333333
171.0,RB,Kendre Miller (28792385),28792385.0,RB/FLEX,4300,TEN@NO 09/10/2023 01:00PM ET,NO,0.0,252.0,1.263157894736842,0.0002937576499388005
681.0,TE,Michael Mayer (28793317),28793317.0,TE/FLEX,2800,LV@DEN 09/10/2023 04:25PM ET,LV,0.0,281.0,1.2000000000000002,0.00042857142857142866
182.0,WR,Rondale Moore (28792711),28792711.0,WR/FLEX,4200,ARI@WAS 09/10/2023 01:00PM ET,ARI,10.99,261.0,1.0909090909090908,0.00025974025974025974
397.0,WR,Isaiah McKenzie (28792761),28792761.0,WR/FLEX,3200,JAX@IND 09/10/2023 01:00PM ET,IND,7.68,288.0,1.0909090909090908,0.0003409090909090909
409.0,TE,Trey McBride (28793299),28793299.0,TE/FLEX,3100,ARI@WAS 09/10/2023 01:00PM ET,ARI,3.84,286.0,1.0,0.0003225806451612903
180.0,RB,Chase Edmonds (28792397),28792397.0,RB/FLEX,4200,TB@MIN 09/10/2023 01:00PM ET,TB,5.71,279.0,1.0,0.0002380952380952381
128.0,RB,Chase Brown (28792359),28792359.0,RB/FLEX,4700,CIN@CLE 09/10/2023 01:00PM ET,CIN,0.0,264.0,1.0,0.0002127659574468085
380.0,WR,Greg Dortch (28792737),28792737.0,WR/FLEX,3500,ARI@WAS 09/10/2023 01:00PM ET,ARI,7.32,282.0,0.8571428571428571,0.00024489795918367346
174.0,RB,Jerome Ford (28792403),28792403.0,RB/FLEX,4200,CIN@CLE 09/10/2023 01:00PM ET,CLE,0.09,289.0,0.8571428571428571,0.0002040816326530612
119.0,RB,Zamir White (28792355),28792355.0,RB/FLEX,4800,LV@DEN 09/10/2023 04:25PM ET,LV,0.5,330.0,0.8571428571428571,0.00017857142857142857
157.0,RB,Roschon Johnson (28792375),28792375.0,RB/FLEX,4500,GB@CHI 09/10/2023 04:25PM ET,CHI,0.0,320.0,0.8,0.00017777777777777779
190.0,RB,DeeJay Dallas (28792405),28792405.0,RB/FLEX,4100,LAR@SEA 09/10/2023 04:25PM ET,SEA,3.03,275.0,0.75,0.00018292682926829268
410.0,TE,Robert Tonyan (28793297),28793297.0,TE/FLEX,3100,GB@CHI 09/10/2023 04:25PM ET,CHI,6.59,335.0,0.75,0.00024193548387096774
407.0,WR,Devin Duvernay (28792773),28792773.0,WR/FLEX,3100,HOU@BAL 09/10/2023 01:00PM ET,BAL,8.29,293.0,0.7058823529411764,0.00022770398481973433
684.0,TE,Jonnu Smith (28793323),28793323.0,TE/FLEX,2700,CAR@ATL 09/10/2023 01:00PM ET,ATL,3.71,333.0,0.6666666666666666,0.0002469135802469136
165.0,RB,Boston Scott (28792381),28792381.0,RB/FLEX,4400,PHI@NE 09/10/2023 04:25PM ET,PHI,3.68,355.0,0.6666666666666666,0.00015151515151515152
690.0,TE,Jordan Akins (28793329),28793329.0,TE/FLEX,2600,CIN@CLE 09/10/2023 01:00PM ET,CLE,7.83,349.0,0.631578947368421,0.000242914979757085
391.0,WR,Robbie Chosen (28792749),28792749.0,WR/FLEX,3300,MIA@LAC 09/10/2023 04:25PM ET,MIA,3.51,372.0,0.631578947368421,0.00019138755980861242
179.0,RB,Ke'Shawn Vaughn (28792395),28792395.0,RB/FLEX,4200,TB@MIN 09/10/2023 01:00PM ET,TB,0.64,278.0,0.6000000000000001,0.00014285714285714287
177.0,RB,JaMycal Hasty (28792399),28792399.0,RB/FLEX,4200,JAX@IND 09/10/2023 01:00PM ET,JAX,3.96,331.0,0.6000000000000001,0.00014285714285714287
147.0,RB,Keaontay Ingram (28792365),28792365.0,RB/FLEX,4600,ARI@WAS 09/10/2023 01:00PM ET,ARI,1.51,332.0,0.5454545454545454,0.00011857707509881423
167.0,RB,Chris Evans (28792389),28792389.0,RB/FLEX,4300,CIN@CLE 09/10/2023 01:00PM ET,CIN,1.07,387.0,0.5,0.00011627906976744187
188.0,RB,Ameer Abdullah (28792409),28792409.0,RB/FLEX,4100,LV@DEN 09/10/2023 04:25PM ET,LV,3.18,408.0,0.5,0.00012195121951219512
151.0,RB,Isaiah Spiller (28792363),28792363.0,RB/FLEX,4600,MIA@LAC 09/10/2023 04:25PM ET,LAC,1.4,410.0,0.5,0.00010869565217391305
686.0,TE,Albert Okwuegbunam (28793319),28793319.0,TE/FLEX,2700,PHI@NE 09/10/2023 04:25PM ET,PHI,3.19,400.0,0.5,0.00018518518518518518
173.0,RB,Pierre Strong Jr. (28792393),28792393.0,RB/FLEX,4200,CIN@CLE 09/10/2023 01:00PM ET,CLE,1.81,421.0,0.4615384615384615,0.00010989010989010988
132.0,RB,Jordan Mason (28792357),28792357.0,RB/FLEX,4700,SF@PIT 09/10/2023 01:00PM ET,SF,1.74,428.0,0.4,8.510638297872341e-05
683.0,TE,Brycen Hopkins (28793313),28793313.0,TE/FLEX,2800,LAR@SEA 09/10/2023 04:25PM ET,LAR,1.28,441.0,0.375,0.00013392857142857144
390.0,WR,DeAndre Carter (28792751),28792751.0,WR/FLEX,3300,LV@DEN 09/10/2023 04:25PM ET,LV,6.56,420.0,0.375,0.00011363636363636364
,DST,Ravens  (28793575),,,4000,,,,,9.846129032258064,0.002461532258064516
,DST,Vikings  (28793576),,,3900,,,,,7.310967741935484,0.0018746071133167908
,DST,49ers  (28793577),,,3800,,,,,10.643548387096773,0.0028009337860780983
,DST,Eagles  (28793578),,,3700,,,,,9.575806451612902,0.002588055797733217
,DST,Broncos  (28793579),,,3600,,,,,5.758064516129032,0.0015994623655913977
,DST,Jaguars  (28793580),,,3500,,,,,9.92,0.002834285714285714
,DST,Saints  (28793581),,,3400,,,,,7.154516129032258,0.00210426944971537
,DST,Seahawks  (28793582),,,3300,,,,,8.34741935483871,0.0025295210166177908
,DST,Falcons  (28793583),,,3200,,,,,5.481935483870968,0.0017131048387096775
,DST,Chargers  (28793584),,,3100,,,,,5.765483870967742,0.0018598335067637878
,DST,Steelers  (28793585),,,3000,,,,,3.951290322580645,0.0013170967741935483
,DST,Bengals  (28793587),,,2900,,,,,6.436774193548387,0.0022195773081201335
,DST,Bears  (28793586),,,2900,,,,,1.9377419354838712,0.0006681868743047832
,DST,Commanders  (28793589),,,2800,,,,,8.269677419354839,0.0029534562211981567
,DST,Packers  (28793588),,,2800,,,,,8.412258064516129,0.0030043778801843316
,DST,Patriots  (28793591),,,2700,,,,,9.08516129032258,0.0033648745519713258
,DST,Rams  (28793590),,,2700,,,,,6.039354838709677,0.0022367980884109915
,DST,Panthers  (28793593),,,2600,,,,,5.864193548387097,0.0022554590570719605
,DST,Browns  (28793594),,,2600,,,,,5.099032258064516,0.001961166253101737
,DST,Titans  (28793592),,,2600,,,,,5.993225806451613,0.002305086848635236
,DST,Cardinals  (28793596),,,2500,,,,,7.108387096774193,0.002843354838709677
,DST,Dolphins  (28793595),,,2500,,,,,5.722903225806451,0.0022891612903225807
,DST,Colts  (28793597),,,2400,,,,,5.126451612903226,0.002136021505376344
,DST,Raiders  (28793598),,,2300,,,,,6.868709677419355,0.002986395511921459
,DST,Buccaneers  (28793599),,,2200,,,,,6.667096774193549,0.0030304985337243407
,DST,Texans  (28793600),,,2100,,,,,6.550645161290323,0.0031193548387096776
8.0,QB,Lamar Jackson (28792178),28792178.0,QB,8000,HOU@BAL 09/10/2023 01:00PM ET,BAL,21.17,18.0,23.865384615384617,0.0029831730769230773
12.0,QB,Jalen Hurts (28792179),28792179.0,QB,7800,PHI@NE 09/10/2023 04:25PM ET,PHI,26.92,10.0,23.565384615384616,0.0030212031558185404
13.0,QB,Justin Fields (28792180),28792180.0,QB,7700,GB@CHI 09/10/2023 04:25PM ET,CHI,21.2,31.0,18.39,0.002388311688311688
18.0,QB,Joe Burrow (28792181),28792181.0,QB,7100,CIN@CLE 09/10/2023 01:00PM ET,CIN,23.08,3.0,17.77,0.0025028169014084506
24.0,QB,Justin Herbert (28792182),28792182.0,QB,6900,MIA@LAC 09/10/2023 04:25PM ET,LAC,18.08,0.0,18.70157894736842,0.002710373760488177
28.0,QB,Tua Tagovailoa (28792183),28792183.0,QB,6700,MIA@LAC 09/10/2023 04:25PM ET,MIA,19.38,7.0,16.65,0.0024850746268656712
32.0,QB,Trevor Lawrence (28792184),28792184.0,QB,6500,JAX@IND 09/10/2023 01:00PM ET,JAX,19.22,4.0,18.31,0.0028169230769230767
38.0,QB,Kirk Cousins (28792185),28792185.0,QB,6300,TB@MIN 09/10/2023 01:00PM ET,MIN,19.08,2.0,16.97,0.0026936507936507936
46.0,QB,Geno Smith (28792186),28792186.0,QB,6100,LAR@SEA 09/10/2023 04:25PM ET,SEA,19.43,8.0,17.920909090909092,0.0029378539493293593
47.0,QB,Deshaun Watson (28792187),28792187.0,QB,6000,CIN@CLE 09/10/2023 01:00PM ET,CLE,15.1,12.0,18.293636363636367,0.0030489393939393946
52.0,QB,Russell Wilson (28792188),28792188.0,QB,5900,LV@DEN 09/10/2023 04:25PM ET,DEN,16.12,17.0,16.950000000000003,0.0028728813559322037
59.0,QB,Matthew Stafford (28792190),28792190.0,QB,5700,LAR@SEA 09/10/2023 04:25PM ET,LAR,13.6,19.0,14.97,0.0026263157894736845
61.0,QB,Anthony Richardson (28792191),28792191.0,QB,5600,JAX@IND 09/10/2023 01:00PM ET,IND,0.0,30.0,21.42,0.0038250000000000003
63.0,QB,Bryce Young (28792192),28792192.0,QB,5500,CAR@ATL 09/10/2023 01:00PM ET,CAR,0.0,28.0,11.375882352941176,0.002068342245989305
69.0,QB,C.J. Stroud (28792194),28792194.0,QB,5400,HOU@BAL 09/10/2023 01:00PM ET,HOU,0.0,27.0,11.593076923076923,0.002146866096866097
70.0,QB,Brock Purdy (28792193),28792193.0,QB,5400,SF@PIT 09/10/2023 01:00PM ET,SF,13.12,16.0,15.670000000000002,0.002901851851851852
74.0,QB,Derek Carr (28792196),28792196.0,QB,5300,TEN@NO 09/10/2023 01:00PM ET,NO,15.94,9.0,15.89,0.0029981132075471697
77.0,QB,Jimmy Garoppolo (28792195),28792195.0,QB,5300,LV@DEN 09/10/2023 04:25PM ET,LV,15.8,14.0,15.145454545454545,0.002857632933104631
79.0,QB,Ryan Tannehill (28792198),28792198.0,QB,5200,TEN@NO 09/10/2023 01:00PM ET,TEN,14.35,20.0,15.72714285714286,0.00302445054945055
80.0,QB,Kenny Pickett (28792197),28792197.0,QB,5200,SF@PIT 09/10/2023 01:00PM ET,PIT,12.53,22.0,16.66090909090909,0.003204020979020979
91.0,QB,Mac Jones (28792199),28792199.0,QB,5100,PHI@NE 09/10/2023 04:25PM ET,NE,13.43,21.0,15.470000000000002,0.0030333333333333336
101.0,QB,Jordan Love (28792200),28792200.0,QB,5000,GB@CHI 09/10/2023 04:25PM ET,GB,2.92,23.0,16.09307692307692,0.0032186153846153844
104.0,QB,Desmond Ridder (28792204),28792204.0,QB,4900,CAR@ATL 09/10/2023 01:00PM ET,ATL,10.18,29.0,15.294489795918368,0.0031213244481466057
106.0,QB,Baker Mayfield (28792202),28792202.0,QB,4900,TB@MIN 09/10/2023 01:00PM ET,TB,10.95,15.0,15.98,0.0032612244897959183
109.0,QB,Sam Howell (28792201),28792201.0,QB,4900,ARI@WAS 09/10/2023 01:00PM ET,WAS,19.26,24.0,17.165348837209304,0.003503132415757001
130.0,QB,Will Levis (28792214),28792214.0,QB,4700,TEN@NO 09/10/2023 01:00PM ET,TEN,0.0,33.0,1.73,0.00036808510638297874
136.0,QB,Joshua Dobbs (28792221),28792221.0,QB,4600,ARI@WAS 09/10/2023 01:00PM ET,ARI,12.42,25.0,10.43,0.002267391304347826
150.0,QB,Mike White (28792217),28792217.0,QB,4600,MIA@LAC 09/10/2023 04:25PM ET,MIA,16.9,99.0,0.05,1.0869565217391305e-05
