,Position,Name + ID,Name,ID,Roster Position,Salary,Game Info,TeamAbbrev,AvgPointsPerGame,Passing Yards,Rushing Yards,Receiving Yards,Receptions,Touchdowns,Passing TDS,Interceptions,Pass Yds DFS,Rush Yds DFS,Rec Yds DFS,Rec DFS,TDs DFS,Pass TDs DFS,Int DFS,DFS Total,Proj DFS Total
0,WR,Nico Collins (37121162),Nico Collins,37121162,WR/FLEX,8300,BAL@HOU 12/25/2024 04:30PM ET,HOU,19.89,,,92.025,6.5,145.0,,,,,9.2025,6.5,3.162244897959184,,,18.864744897959184,18.864744897959184
1,RB,Derrick Henry (37121114),Derrick Henry,37121114,RB/FLEX,8200,BAL@HOU 12/25/2024 04:30PM ET,BAL,20.25,,92.46,11.5,1.5,-160.0,,,,9.246,1.15,1.5,7.7475,,,19.6435,19.6435
2,QB,Lamar Jackson (37121101),Lamar Jackson,37121101,QB,8000,BAL@HOU 12/25/2024 04:30PM ET,BAL,26.4,223.5,45.925,,,220.0,1.621122599704579,0.4639175257731959,8.94,4.5925,,,2.42109375,6.484490398818316,-0.4639175257731959,21.97416662304512,21.97416662304512
3,RB,Joe Mixon (37121116),Joe Mixon,37121116,RB/FLEX,7700,BAL@HOU 12/25/2024 04:30PM ET,HOU,20.98,,61.53,23.035,3.5,-115.0,,,,6.1530000000000005,2.3035,3.5,7.7475,,,19.704,19.704
4,WR,George Pickens (37121164),George Pickens,37121164,WR/FLEX,6600,KC@PIT 12/25/2024 01:00PM ET,PIT,13.53,,,64.0,4.5,160.0,,,,,6.4,4.5,2.979807692307693,,,13.879807692307692,13.879807692307692
5,QB,Patrick Mahomes (37121102),Patrick Mahomes,37121102,QB,6500,KC@PIT 12/25/2024 01:00PM ET,KC,18.27,257.105,15.85,,,675.0,1.572512647554806,0.497950399672064,10.2842,1.585,,,0.9996774193548388,6.290050590219224,-0.497950399672064,18.660977609902,18.660977609902
6,WR,Zay Flowers (37121166),Zay Flowers,37121166,WR/FLEX,6400,BAL@HOU 12/25/2024 04:30PM ET,BAL,14.42,,,57.75,4.915,150.0,,,,,5.775,4.915,3.099,,,13.789,13.789
7,QB,C.J. Stroud (37121103),C.J. Stroud,37121103,QB,6000,BAL@HOU 12/25/2024 04:30PM ET,HOU,15.28,246.75,11.5,,,700.0,1.297622771348139,0.5254386933009602,9.87,1.15,,,0.9684375,5.190491085392556,-0.5254386933009602,16.6534898920916,16.6534898920916
8,RB,Isiah Pacheco (37121118),Isiah Pacheco,37121118,RB/FLEX,5700,KC@PIT 12/25/2024 01:00PM ET,KC,9.18,,41.47,7.5,1.5,190.0,,,,4.147,0.75,1.5,2.671551724137931,,,9.068551724137931,9.068551724137931
9,WR,Xavier Worthy (37121168),Xavier Worthy,37121168,WR/FLEX,5600,KC@PIT 12/25/2024 01:00PM ET,KC,10.95,,4.5,49.6,4.5,250.0,,,,0.45,4.960000000000001,4.5,2.2135714285714285,,,12.123571428571427,12.123571428571427
10,QB,Russell Wilson (37121104),Russell Wilson,37121104,QB,5500,KC@PIT 12/25/2024 01:00PM ET,PIT,17.17,228.875,13.45,,,700.0,1.4005481597494127,0.5,9.155,1.345,,,0.9684375,5.602192638997651,-0.5,16.57063013899765,16.57063013899765
11,RB,Jaylen Warren (37121120),Jaylen Warren,37121120,RB/FLEX,5500,KC@PIT 12/25/2024 01:00PM ET,PIT,8.22,,34.94,19.55,2.5,300.0,,,,3.494,1.955,2.5,1.936875,,,9.885875,9.885875
12,RB,Najee Harris (37121122),Najee Harris,37121122,RB/FLEX,5400,KC@PIT 12/25/2024 01:00PM ET,PIT,12.53,,44.66,6.42,1.5,160.0,,,,4.466,0.642,1.5,2.979807692307693,,,9.587807692307694,9.587807692307694
13,TE,Travis Kelce (37121246),Travis Kelce,37121246,TE/FLEX,5300,KC@PIT 12/25/2024 01:00PM ET,KC,11.8,,,47.0,5.085,180.0,,,,,4.7,5.085,2.7669642857142853,,,12.551964285714286,12.551964285714286
14,RB,Kareem Hunt (37121124),Kareem Hunt,37121124,RB/FLEX,5200,KC@PIT 12/25/2024 01:00PM ET,KC,12.78,,31.5,7.5,1.5,225.0,,,,3.1500000000000004,0.75,1.5,2.383846153846154,,,7.783846153846154,7.783846153846154
15,WR,DeAndre Hopkins (37121170),DeAndre Hopkins,37121170,WR/FLEX,5100,KC@PIT 12/25/2024 01:00PM ET,KC,9.62,,,35.42,3.5,290.0,,,,,3.5420000000000003,3.5,1.9865384615384616,,,9.028538461538462,9.028538461538462
16,QB,Justin Fields (37121105),Justin Fields,37121105,QB,5000,KC@PIT 12/25/2024 01:00PM ET,PIT,12.41,,,,,700.0,,,,,,,0.9684375,,,0.9684375,0.9684375
17,WR,Rashod Bateman (37121172),Rashod Bateman,37121172,WR/FLEX,4800,BAL@HOU 12/25/2024 04:30PM ET,BAL,10.45,,,36.61,2.5,220.0,,,,,3.661,2.5,2.42109375,,,8.582093749999999,8.582093749999999
18,RB,Justice Hill (37121126),Justice Hill,37121126,RB/FLEX,4700,BAL@HOU 12/25/2024 04:30PM ET,BAL,8.47,,,,,425.0,,,,,,,1.4757142857142855,,,1.4757142857142855,1.4757142857142855
20,WR,Hollywood Brown (37121174),Hollywood Brown,37121174,WR/FLEX,4500,KC@PIT 12/25/2024 01:00PM ET,KC,9.5,,,39.5,3.5,330.0,,,,,3.95,3.5,1.801744186046512,,,9.251744186046512,9.251744186046512
21,RB,Keaton Mitchell (37121128),Keaton Mitchell,37121128,RB/FLEX,4400,BAL@HOU 12/25/2024 04:30PM ET,BAL,0.0,,,,,950.0,,,,,,,0.7378571428571428,,,0.7378571428571428,0.7378571428571428
22,RB,Rasheen Ali (37121130),Rasheen Ali,37121130,RB/FLEX,4300,BAL@HOU 12/25/2024 04:30PM ET,BAL,0.85,,,,,1600.0,,,,,,,0.455735294117647,,,0.455735294117647,0.455735294117647
23,TE,Mark Andrews (37121248),Mark Andrews,37121248,TE/FLEX,4300,BAL@HOU 12/25/2024 04:30PM ET,BAL,10.57,,,37.51,3.5,187.0,,,,,3.751,3.5,2.699477351916377,,,9.950477351916376,9.950477351916376
25,RB,Dameon Pierce (37121132),Dameon Pierce,37121132,RB/FLEX,4200,BAL@HOU 12/25/2024 04:30PM ET,HOU,2.07,,,,,1800.0,,,,,,,0.4077631578947368,,,0.4077631578947368,0.4077631578947368
26,RB,Cordarrelle Patterson (37121134),Cordarrelle Patterson,37121134,RB/FLEX,4100,KC@PIT 12/25/2024 01:00PM ET,PIT,3.47,,,,,1000.0,,,,,,,0.7043181818181818,,,0.7043181818181818,0.7043181818181818
27,TE,Dalton Schultz (37121250),Dalton Schultz,37121250,TE/FLEX,4100,BAL@HOU 12/25/2024 04:30PM ET,HOU,7.21,,,37.0,3.865,390.0,,,,,3.7,3.865,1.581122448979592,,,9.146122448979591,9.146122448979591
32,RB,Samaje Perine (37121156),Samaje Perine,37121156,RB/FLEX,4000,KC@PIT 12/25/2024 01:00PM ET,KC,4.94,,,9.45,,1400.0,,,,,0.945,,0.5165,,,1.4615,1.4615
33,RB,Carson Steele (37121158),Carson Steele,37121158,RB/FLEX,4000,KC@PIT 12/25/2024 01:00PM ET,KC,1.41,,,,,3700.0,,,,,,,0.2038815789473684,,,0.2038815789473684,0.2038815789473684
41,RB,Patrick Ricard (37121138),Patrick Ricard,37121138,RB/FLEX,4000,BAL@HOU 12/25/2024 04:30PM ET,BAL,0.99,,,,,3100.0,,,,,,,0.242109375,,,0.242109375,0.242109375
42,RB,Dare Ogunbowale (37121140),Dare Ogunbowale,37121140,RB/FLEX,4000,BAL@HOU 12/25/2024 04:30PM ET,HOU,3.26,,,,,1000.0,,,,,,,0.7043181818181818,,,0.7043181818181818,0.7043181818181818
46,RB,Andrew Beck (37121148),Andrew Beck,37121148,RB/FLEX,4000,BAL@HOU 12/25/2024 04:30PM ET,HOU,0.0,,,,,1600.0,,,,,,,0.455735294117647,,,0.455735294117647,0.455735294117647
49,TE,Pat Freiermuth (37121252),Pat Freiermuth,37121252,TE/FLEX,3900,KC@PIT 12/25/2024 01:00PM ET,PIT,9.05,,,29.5,3.05,370.0,,,,,2.95,3.05,1.648404255319149,,,7.648404255319149,7.648404255319149
50,WR,Robert Woods (37121180),Robert Woods,37121180,WR/FLEX,3800,BAL@HOU 12/25/2024 04:30PM ET,HOU,2.33,,,18.54,2.045,600.0,,,,,1.854,2.045,1.1067857142857145,,,5.0057857142857145,5.0057857142857145
52,WR,Mike Williams (37121182),Mike Williams,37121182,WR/FLEX,3600,KC@PIT 12/25/2024 01:00PM ET,PIT,3.33,,,14.015,1.5,750.0,,,,,1.4015000000000002,1.5,0.911470588235294,,,3.8129705882352942,3.8129705882352942
53,WR,Van Jefferson (37121184),Van Jefferson,37121184,WR/FLEX,3500,KC@PIT 12/25/2024 01:00PM ET,PIT,3.92,,,14.955,1.5,600.0,,,,,1.4955,1.5,1.1067857142857145,,,4.102285714285714,4.102285714285714
54,TE,Isaiah Likely (37121254),Isaiah Likely,37121254,TE/FLEX,3500,BAL@HOU 12/25/2024 04:30PM ET,BAL,8.07,,,26.43,2.5,300.0,,,,,2.643,2.5,1.936875,,,7.079875,7.079875
55,WR,Nelson Agholor (37121186),Nelson Agholor,37121186,WR/FLEX,3400,BAL@HOU 12/25/2024 04:30PM ET,BAL,3.51,,,,,500.0,,,,,,,1.29125,,,1.29125,1.29125
56,TE,Noah Gray (37121256),Noah Gray,37121256,TE/FLEX,3300,KC@PIT 12/25/2024 01:00PM ET,KC,7.4,,,19.225,1.5,550.0,,,,,1.9225000000000003,1.5,1.191923076923077,,,4.614423076923077,4.614423076923077
57,WR,Xavier Hutchinson (37121188),Xavier Hutchinson,37121188,WR/FLEX,3300,BAL@HOU 12/25/2024 04:30PM ET,HOU,1.29,,,14.5,1.5,650.0,,,,,1.4500000000000002,1.5,1.033,,,3.983,3.983
58,WR,JuJu Smith-Schuster (37121190),JuJu Smith-Schuster,37121190,WR/FLEX,3200,KC@PIT 12/25/2024 01:00PM ET,KC,4.24,,,4.075,,1000.0,,,,,0.4075,,0.7043181818181818,,,1.1118181818181818,1.1118181818181818
59,DST,Ravens  (37121292),Ravens ,37121292,DST,3200,BAL@HOU 12/25/2024 04:30PM ET,BAL,5.8,,,,,,,,,,,,,,,5.849929873772791,5.849929873772791
60,WR,Tylan Wallace (37121192),Tylan Wallace,37121192,WR/FLEX,3100,BAL@HOU 12/25/2024 04:30PM ET,BAL,2.54,,,,,1100.0,,,,,,,0.645625,,,0.645625,0.645625
61,WR,Justin Watson (37121194),Justin Watson,37121194,WR/FLEX,3000,KC@PIT 12/25/2024 01:00PM ET,KC,3.16,,,0.5,,1300.0,,,,,0.05,,0.5533928571428571,,,0.6033928571428572,0.6033928571428572
62,WR,Scotty Miller (37121218),Scotty Miller,37121218,WR/FLEX,3000,KC@PIT 12/25/2024 01:00PM ET,PIT,0.99,,,,,1500.0,,,,,,,0.48421875,,,0.48421875,0.48421875
63,WR,Ben Skowronek (37121220),Ben Skowronek,37121220,WR/FLEX,3000,KC@PIT 12/25/2024 01:00PM ET,PIT,1.32,,,,,950.0,,,,,,,0.7378571428571428,,,0.7378571428571428,0.7378571428571428
68,WR,Nikko Remigio (37121230),Nikko Remigio,37121230,WR/FLEX,3000,KC@PIT 12/25/2024 01:00PM ET,KC,0.0,,,,,4500.0,,,,,,,0.1684239130434782,,,0.1684239130434782,0.1684239130434782
76,DST,Chiefs  (37121293),Chiefs ,37121293,DST,3000,KC@PIT 12/25/2024 01:00PM ET,KC,6.47,,,,,,,,,,,,,,,3.851893408134642,3.851893408134642
78,WR,Devontez Walker (37121198),Devontez Walker,37121198,WR/FLEX,3000,BAL@HOU 12/25/2024 04:30PM ET,BAL,1.3,,,,,1900.0,,,,,,,0.387375,,,0.387375,0.387375
79,WR,Anthony Miller (37121200),Anthony Miller,37121200,WR/FLEX,3000,BAL@HOU 12/25/2024 04:30PM ET,BAL,0.0,,,,,2700.0,,,,,,,0.2766964285714285,,,0.2766964285714285,0.2766964285714285
84,WR,Jared Wayne (37121210),Jared Wayne,37121210,WR/FLEX,3000,BAL@HOU 12/25/2024 04:30PM ET,HOU,0.0,,,,,2400.0,,,,,,,0.3099,,,0.3099,0.3099
88,DST,Steelers  (37121294),Steelers ,37121294,DST,2800,KC@PIT 12/25/2024 01:00PM ET,PIT,9.2,,,,,,,,,,,,,,,6.548387096774194,6.548387096774194
90,DST,Texans  (37121295),Texans ,37121295,DST,2600,BAL@HOU 12/25/2024 04:30PM ET,HOU,8.53,,,,,,,,,,,,,,,2.7399719495091164,2.7399719495091164
91,TE,Darnell Washington (37121260),Darnell Washington,37121260,TE/FLEX,2500,KC@PIT 12/25/2024 01:00PM ET,PIT,2.88,,,4.025,,1200.0,,,,,0.4025000000000001,,0.5959615384615385,,,0.9984615384615386,0.9984615384615386
92,TE,MyCole Pruitt (37121276),MyCole Pruitt,37121276,TE/FLEX,2500,KC@PIT 12/25/2024 01:00PM ET,PIT,1.6,,,,,1700.0,,,,,,,0.4304166666666666,,,0.4304166666666666,0.4304166666666666
93,TE,Connor Heyward (37121278),Connor Heyward,37121278,TE/FLEX,2500,KC@PIT 12/25/2024 01:00PM ET,PIT,0.95,,,,,2500.0,,,,,,,0.2979807692307692,,,0.2979807692307692,0.2979807692307692
95,TE,Anthony Firkser (37121282),Anthony Firkser,37121282,TE/FLEX,2500,KC@PIT 12/25/2024 01:00PM ET,KC,0.0,,,,,4000.0,,,,,,,0.1889634146341463,,,0.1889634146341463,0.1889634146341463
98,TE,Peyton Hendershot (37121288),Peyton Hendershot,37121288,TE/FLEX,2500,KC@PIT 12/25/2024 01:00PM ET,KC,1.12,,,,,2000.0,,,,,,,0.3689285714285714,,,0.3689285714285714,0.3689285714285714
103,TE,Cade Stover (37121268),Cade Stover,37121268,TE/FLEX,2500,BAL@HOU 12/25/2024 04:30PM ET,HOU,2.55,,,,,1000.0,,,,,,,0.7043181818181818,,,0.7043181818181818,0.7043181818181818
105,TE,Brevin Jordan (37121272),Brevin Jordan,37121272,TE/FLEX,2500,BAL@HOU 12/25/2024 04:30PM ET,HOU,1.35,,,,,600.0,,,,,,,1.1067857142857145,,,1.1067857142857145,1.1067857142857145
